random,female,income,c_exer,ext_mot,aut_mot,attitude,sub_norm,beh_cont,intent,autonomy,group,bcont,prob,behavior
1,0,3,2,2,1,2,4,2,1,3,3,23.96,0.33,0
2,1,3,1,2,1,1,3,1,1,2,3,14.05,0.33,0
3,1,1,3,2,1,3,4,3,2,4,3,32.41,0.33,0
4,1,1,3,2,1,2,1,3,1,3,3,21.55,0.33,0
5,1,1,2,2,1,3,1,4,1,2,3,20.4,0.33,0
6,1,1,3,2,1,3,3,3,1,4,3,26.41,0.33,0
7,1,1,3,2,1,2,2,3,1,3,3,22.31,0.33,0
8,1,1,3,2,1,2,2,2,1,3,3,20.22,0.33,0
9,1,1,3,2,1,1,6,1,1,4,3,20.71,0.33,0
10,1,2,2,2,1,3,1,4,1,2,3,22.9,0.33,0
11,1,2,4,2,1,2,2,3,1,3,3,27.96,0.33,0
12,0,1,2,2,1,1,4,1,1,3,3,15.95,0.33,0
13,0,3,3,2,1,3,4,4,2,5,2,46,0.33,0
14,0,1,3,2,1,2,4,3,2,4,2,32.89,0.33,0
15,1,1,3,2,1,3,3,3,2,3,2,31.2,0.33,0
16,1,2,1,2,1,2,3,3,1,3,2,19.18,0.33,0
17,1,2,2,2,1,2,3,2,1,2,2,19.24,0.33,0
18,0,3,1,2,1,3,1,4,2,2,1,30,0.33,0
19,1,3,2,2,1,2,2,2,1,2,1,21.04,0.33,0
20,0,1,4,2,1,3,4,4,3,5,1,51.8,0.33,0
21,0,1,3,2,1,3,3,3,1,3,1,27.86,0.33,0
22,0,2,2,2,1,3,3,3,2,3,1,32.19,0.33,0
23,0,2,3,2,1,2,1,3,1,2,1,24.56,0.33,0
24,1,2,2,2,1,2,2,4,1,3,1,24.8,0.33,0
25,1,1,2,2,1,1,1,2,1,1,1,13.46,0.33,0
26,1,1,1,2,1,1,1,1,1,1,1,9.55,0.33,0
27,1,1,2,3,1,3,2,4,2,4,3,27.86,0.33,0
28,1,3,2,3,1,2,3,3,1,4,2,26.28,0.33,0
29,0,2,2,3,1,2,2,4,1,3,2,25,0.33,0
30,0,3,4,3,1,3,1,5,2,3,1,48.18,0.33,0
31,1,1,3,1,2,3,3,4,2,3,3,33.63,0.33,0
32,1,1,4,1,2,3,5,3,2,4,3,39.7,0.33,0
33,0,2,2,1,2,2,3,3,1,2,3,22.96,0.33,0
34,0,1,1,1,2,3,5,3,2,5,3,26.94,0.33,0
35,0,3,2,1,2,2,5,2,1,3,2,27.04,0.33,0
36,1,2,2,1,2,3,4,4,2,4,2,35.23,0.33,0
37,0,3,3,2,2,2,2,3,1,3,3,29.4,0.33,0
38,0,3,2,2,2,3,3,4,2,3,3,36.86,0.33,0
39,0,3,3,2,2,1,3,2,1,2,3,23.58,0.33,0
40,0,3,3,2,2,4,3,5,3,4,3,55.26,0.33,0
41,0,3,1,2,2,1,2,3,1,2,3,19.12,0.33,0
42,0,3,3,2,2,2,1,4,1,1,3,27.6,0.33,0
43,1,3,2,2,2,3,5,2,2,4,3,33.9,0.33,0
44,1,1,3,2,2,3,4,3,2,4,3,33.55,0.33,0
45,1,1,2,2,2,4,2,4,2,2,3,28.06,0.33,0
46,1,1,3,2,2,4,4,4,3,4,3,42.78,0.33,0
47,1,1,3,2,2,4,4,4,3,4,3,42.78,0.33,0
48,1,1,2,2,2,3,4,4,3,4,3,34.72,0.33,0
49,1,1,2,2,2,4,5,3,3,4,3,35.2,0.33,0
50,1,1,2,2,2,3,2,5,2,4,3,30.74,0.33,0
51,1,1,3,2,2,4,4,5,4,6,3,52.99,0.33,0
52,1,1,2,2,2,4,3,5,4,5,3,43.16,0.33,0
53,1,1,2,2,2,3,2,4,2,2,3,26.46,0.33,0
54,0,1,2,2,2,3,3,4,2,5,3,32.66,0.33,0
55,0,2,1,2,2,4,2,5,3,4,3,36.8,0.33,0
56,0,2,1,2,2,4,2,5,3,3,3,35.54,0.33,0
57,0,2,2,2,2,3,1,5,2,2,3,32.57,0.33,0
58,0,2,2,2,2,4,4,4,3,5,3,44.22,0.33,0
59,0,2,3,2,2,4,4,5,4,5,3,59.3,0.33,0
60,0,2,3,2,2,3,4,4,2,4,3,41.02,0.33,0
61,1,2,2,2,2,3,2,3,1,3,3,24.1,0.33,0
62,1,2,1,2,2,2,2,3,1,3,3,18.75,0.33,0
63,1,2,2,2,2,1,5,1,1,3,3,18.7,0.33,0
64,1,2,4,2,2,3,2,4,2,3,3,40.98,0.33,0
65,1,2,3,2,2,3,1,6,1,1,3,30.92,0.33,0
66,1,2,4,2,2,2,5,2,1,4,3,31.38,0.33,0
67,1,2,3,2,2,3,3,3,2,3,3,34.55,0.33,0
68,1,2,1,2,2,4,1,6,2,3,3,30.3,0.33,0
69,0,1,3,2,2,4,4,4,3,4,3,44.9,0.33,0
70,0,1,2,2,2,3,2,4,2,2,3,28.02,0.33,0
71,0,1,2,2,2,3,1,5,1,3,3,25.81,0.33,0
72,0,3,2,2,2,3,5,3,2,5,2,40.4,0.33,0
73,0,3,1,2,2,5,3,5,4,5,2,51.79,0.33,0
74,0,3,2,2,2,2,4,3,2,4,2,35.8,0.33,0
75,0,3,3,2,2,3,2,5,2,4,2,46.55,0.33,0
76,0,3,1,2,2,3,3,4,2,4,2,34.28,0.33,0
77,0,3,3,2,2,2,3,2,1,2,2,26.7,0.33,0
78,0,3,2,2,2,3,2,4,1,3,2,31.22,0.33,0
79,1,3,3,2,2,2,2,3,1,2,2,27.36,0.33,0
80,1,3,1,2,2,4,4,3,2,4,2,33.1,0.33,0
81,1,3,1,2,2,3,5,2,2,4,2,30.04,0.33,0
82,1,3,2,2,2,5,4,4,4,5,2,55.64,0.33,0
83,0,1,3,2,2,2,1,2,1,1,2,19.28,0.33,0
84,0,1,3,2,2,3,4,3,2,2,2,33.33,0.33,0
85,0,1,3,2,2,4,7,3,3,6,2,49.45,0.33,0
86,0,1,2,2,2,4,1,6,2,4,2,36.78,0.33,0
87,0,1,3,2,2,4,2,4,3,3,2,43.18,0.33,0
88,0,1,4,2,2,3,3,3,2,3,2,38.7,0.33,0
89,0,1,2,2,2,2,4,1,1,2,2,18,0.33,0
90,0,1,2,2,2,4,4,4,3,5,2,41.14,0.33,0
91,1,1,3,2,2,3,2,4,2,3,2,33.8,0.33,0
92,1,1,3,2,2,3,4,4,2,5,2,38.2,0.33,0
93,1,1,2,2,2,3,4,3,2,4,2,29.55,0.33,0
94,1,1,4,2,2,2,3,4,1,4,2,32.78,0.33,0
95,1,1,2,2,2,2,2,3,1,2,2,19.43,0.33,0
96,1,1,3,2,2,4,1,5,2,3,2,37.2,0.33,0
97,1,1,2,2,2,3,1,4,1,1,2,21.1,0.33,0
98,1,1,4,2,2,3,2,4,2,3,2,38.76,0.33,0
99,1,1,3,2,2,4,4,3,2,4,2,36.6,0.33,0
100,0,2,2,2,2,3,3,3,1,3,2,27,0.33,0
101,0,2,3,2,2,4,3,4,3,4,2,49.74,0.33,0
102,0,2,2,2,2,4,3,4,2,3,2,36.6,0.33,0
103,0,2,2,2,2,2,2,3,1,2,2,22.8,0.33,0
104,0,2,2,2,2,4,5,4,4,6,2,53.2,0.33,0
105,1,2,3,2,2,1,1,4,1,2,2,24.42,0.33,0
106,1,2,3,2,2,3,1,4,1,3,2,30.34,0.33,0
107,1,2,3,2,2,4,3,3,3,3,2,43.72,0.33,0
108,1,2,3,2,2,1,3,3,1,2,2,23.76,0.33,0
109,1,2,2,2,2,1,2,2,1,2,2,17.72,0.33,0
110,1,2,3,2,2,3,3,3,1,3,2,29.68,0.33,0
111,1,2,2,2,2,2,4,2,2,3,2,27.62,0.33,0
112,1,2,2,2,2,3,2,3,2,2,2,28.75,0.33,0
113,1,1,3,2,2,3,1,3,1,1,2,22.6,0.33,0
114,1,1,3,2,2,3,4,3,2,4,2,34.6,0.33,0
115,0,3,3,2,2,3,2,3,2,2,1,38.7,0.33,0
116,0,3,2,2,2,4,4,4,5,5,1,63.6,0.33,-1
117,0,3,3,2,2,3,3,4,2,3,1,44.26,0.33,0
118,0,3,3,2,2,4,4,4,3,5,1,58.08,0.33,0
119,0,3,4,2,2,1,3,2,1,1,1,25.84,0.33,0
120,0,3,2,2,2,4,4,4,3,5,1,51.44,0.33,0
121,0,3,4,2,2,3,3,4,2,3,1,49.34,0.33,0
122,0,3,3,2,2,2,3,3,1,3,1,31.94,0.33,0
123,1,3,2,2,2,3,3,4,2,4,1,38.94,0.33,0
124,1,3,4,2,2,3,4,4,2,4,1,50.58,0.33,0
125,1,3,2,2,2,3,2,3,1,2,1,26.98,0.33,0
126,1,3,2,2,2,4,1,6,3,4,1,50.04,0.33,0
127,1,3,1,2,2,1,1,4,1,1,1,19.6,0.33,0
128,1,3,2,2,2,4,4,5,3,5,1,51.68,0.33,0
129,0,1,4,2,2,3,1,4,1,2,1,32.3,0.33,0
130,0,1,3,2,2,4,5,3,3,5,1,47.62,0.33,0
131,0,1,2,2,2,3,3,4,2,4,1,33.58,0.33,0
132,0,1,2,2,2,2,2,4,1,2,1,23.4,0.33,0
133,0,1,2,2,2,3,4,3,2,3,1,31.01,0.33,0
134,0,1,3,2,2,4,5,4,3,6,1,51.46,0.33,0
135,0,1,2,2,2,3,2,4,1,2,1,25.3,0.33,0
136,0,1,3,2,2,4,4,5,4,6,1,58.82,0.33,0
137,0,2,3,2,2,3,4,3,2,4,1,40.7,0.33,0
138,0,2,1,2,2,3,4,4,2,4,1,32.58,0.33,0
139,0,2,2,2,2,2,5,2,1,4,1,26.52,0.33,0
140,1,2,2,2,2,3,2,4,2,3,1,33.3,0.33,0
141,1,2,3,2,2,2,2,4,1,2,1,28.4,0.33,0
142,1,2,4,2,2,3,5,3,2,5,1,46.8,0.33,0
143,1,2,3,2,2,3,3,4,2,4,1,40.66,0.33,0
144,1,2,3,2,2,1,4,1,1,2,1,20.35,0.33,0
145,1,2,2,2,2,2,3,3,2,3,1,29.9,0.33,0
146,1,2,1,2,2,3,4,4,2,5,1,31.94,0.33,0
147,1,2,2,2,2,2,4,3,1,2,1,24.1,0.33,0
148,1,1,3,2,2,4,4,3,3,4,1,43.31,0.33,0
149,1,1,3,2,2,4,4,5,3,5,1,49.29,0.33,0
150,1,1,2,2,2,4,4,3,3,3,1,36,0.33,0
151,1,1,3,2,2,3,4,3,2,4,1,35.65,0.33,0
152,1,1,1,2,2,3,2,4,2,3,1,25,0.33,0
153,1,1,2,2,2,3,1,4,2,3,1,29.24,0.33,0
154,1,1,2,2,2,3,1,4,2,2,1,28.06,0.33,0
155,1,1,1,2,2,3,2,4,2,3,1,25,0.33,0
156,1,1,2,2,2,3,4,4,2,4,1,32.58,0.33,0
157,1,1,1,2,2,3,5,2,2,4,1,24.5,0.33,0
158,0,3,1,3,2,3,2,4,2,2,3,29.5,0.33,0
159,0,1,3,3,2,3,2,5,2,4,3,37.8,0.33,0
160,1,1,1,3,2,3,4,4,2,4,3,24.75,0.33,0
161,1,1,2,3,2,2,1,4,1,2,3,19.6,0.33,0
162,1,1,4,3,2,3,3,4,2,3,3,38.3,0.33,0
163,1,1,2,3,2,3,3,2,1,2,3,18.96,0.33,0
164,0,2,2,3,2,4,4,3,3,4,3,40.5,0.33,0
165,1,2,2,3,2,4,1,6,2,3,3,35.92,0.33,0
166,0,1,3,3,2,3,5,3,2,5,2,38.34,0.33,0
167,1,2,2,3,2,1,4,1,1,1,2,15.62,0.33,0
168,1,1,3,3,2,3,3,4,2,4,2,35.8,0.33,0
169,0,3,2,3,2,4,3,4,2,4,1,42.73,0.33,0
170,1,3,1,3,2,2,3,3,1,4,1,24.46,0.33,0
171,1,2,4,3,2,4,2,5,3,3,1,55.28,0.33,0
172,1,1,3,3,2,4,2,4,3,3,1,42.37,0.33,0
173,0,3,2,1,3,5,5,6,5,6,3,70.79,0.33,-1
174,0,3,1,1,3,5,3,6,4,5,3,53.32,0.33,0
175,1,1,1,1,3,4,2,6,3,4,3,32.59,0.33,0
176,1,1,3,1,3,5,4,5,4,5,3,54.78,0.33,0
177,1,1,2,1,3,5,4,5,4,5,3,46.52,0.33,0
178,0,1,4,1,3,5,6,4,5,6,3,73.03,0.33,-1
179,1,1,2,1,3,4,4,4,3,4,3,37.44,0.33,0
180,1,1,3,1,3,5,4,4,4,5,3,52.69,0.33,0
181,1,1,1,1,3,4,3,5,3,4,3,31.68,0.33,0
182,0,1,3,1,3,4,7,2,3,5,3,45.8,0.33,0
183,0,1,2,1,3,5,5,4,4,5,3,48.05,0.33,0
184,0,2,2,1,3,4,4,4,3,4,3,44.11,0.33,0
185,0,2,2,1,3,2,2,3,1,1,3,21.9,0.33,0
186,0,2,3,1,3,5,2,6,4,4,3,62.08,0.33,-1
187,0,2,3,1,3,4,4,4,3,4,3,50.78,0.33,0
188,0,2,3,1,3,5,3,5,4,4,3,60.54,0.33,-1
189,1,2,2,1,3,4,5,3,3,4,3,40.66,0.33,0
190,0,1,2,1,3,4,4,4,4,5,3,45.67,0.33,0
191,0,1,3,1,3,3,3,4,2,4,3,38,0.33,0
192,0,1,2,1,3,5,4,4,4,4,3,46.05,0.33,0
193,0,1,2,1,3,3,3,4,2,4,3,32.53,0.33,0
194,0,3,1,1,3,5,2,6,4,4,2,53.11,0.33,0
195,0,3,3,1,3,5,4,5,4,5,2,70.4,0.33,-1
196,0,3,1,1,3,2,5,1,1,2,2,21.14,0.33,0
197,0,3,3,1,3,3,3,4,2,3,2,44.85,0.33,0
198,1,3,3,1,3,5,3,5,4,4,2,65.08,0.33,-1
199,1,3,2,1,3,5,4,5,4,5,2,59.42,0.33,0
200,1,3,3,1,3,5,4,5,4,6,2,69.32,0.33,-1
201,0,1,2,1,3,3,5,3,3,4,2,38.06,0.33,0
202,1,1,3,1,3,4,4,4,3,5,2,47,0.33,0
203,1,1,2,1,3,3,3,4,2,4,2,31.93,0.33,0
204,1,1,2,1,3,4,3,4,3,4,2,38.25,0.33,0
205,0,1,3,1,3,4,3,4,2,3,2,39.83,0.33,0
206,0,2,2,1,3,5,4,5,4,5,2,56.6,0.33,0
207,0,2,2,1,3,5,2,6,4,3,2,54.4,0.33,0
208,1,2,3,1,3,5,5,4,4,5,2,60.6,0.33,-1
209,1,2,3,1,3,4,4,4,3,5,2,51.6,0.33,0
210,1,2,2,1,3,4,5,4,4,5,2,50.65,0.33,0
211,1,2,2,1,3,3,3,4,2,3,2,34.27,0.33,0
212,1,2,3,1,3,5,4,5,4,4,2,60.62,0.33,-1
213,1,1,2,1,3,5,4,5,4,5,2,48.34,0.33,0
214,0,3,3,1,3,4,1,6,3,3,1,59.18,0.33,0
215,0,3,2,1,3,3,3,4,2,3,1,40.79,0.33,0
216,0,3,1,1,3,4,5,4,3,5,1,47,0.33,0
217,0,3,1,1,3,4,7,3,4,5,1,51.7,0.33,0
218,0,3,3,1,3,4,3,4,3,3,1,55.54,0.33,0
219,0,3,2,1,3,4,2,5,3,4,1,52.26,0.33,0
220,0,3,2,1,3,5,5,5,4,5,1,64.88,0.33,-1
221,1,3,2,1,3,4,3,4,3,3,1,47.08,0.33,0
222,0,1,3,1,3,4,1,5,2,2,1,40.4,0.33,0
223,0,1,2,1,3,4,4,4,3,4,1,42.61,0.33,0
224,0,1,2,1,3,3,3,4,2,3,1,33.67,0.33,0
225,0,1,2,1,3,4,1,5,3,3,1,41.18,0.33,0
226,0,1,3,1,3,4,5,4,3,4,1,50.16,0.33,0
227,0,1,2,1,3,4,4,4,3,4,1,42.61,0.33,0
228,0,1,2,1,3,4,2,6,3,4,1,45.27,0.33,0
229,0,1,3,1,3,5,5,5,4,6,1,63.44,0.33,-1
230,0,1,2,1,3,4,3,3,3,2,1,37.28,0.33,0
231,0,1,2,1,3,4,5,4,3,5,1,44.61,0.33,0
232,0,2,2,1,3,4,6,2,3,4,1,44.15,0.33,0
233,0,2,3,1,3,3,3,3,2,3,1,39.88,0.33,0
234,0,2,2,1,3,5,5,5,4,6,1,60.62,0.33,-1
235,1,2,2,1,3,4,3,5,3,4,1,46.3,0.33,0
236,1,2,1,1,3,4,2,4,2,2,1,30.11,0.33,0
237,1,2,2,1,3,6,1,7,5,5,1,65,0.33,-1
238,1,1,3,1,3,5,4,4,4,3,1,53.39,0.33,0
239,1,1,2,1,3,4,3,4,3,3,1,38.52,0.33,0
240,1,1,2,1,3,4,7,4,4,6,1,49.72,0.33,0
241,0,3,3,2,3,4,3,5,4,5,3,64.98,0.33,-1
242,0,3,4,2,3,4,3,5,3,4,3,63.55,0.33,-1
243,0,3,2,2,3,3,5,3,2,4,3,39.05,0.33,0
244,0,3,1,2,3,4,4,5,3,5,3,45.1,0.33,0
245,0,3,3,2,3,4,3,5,3,4,3,56.7,0.33,0
246,0,3,3,2,3,4,1,6,2,2,3,47.4,0.33,0
247,0,3,1,2,3,5,4,5,4,5,3,51.88,0.33,0
248,0,3,2,2,3,3,1,4,2,2,3,34.88,0.33,0
249,0,3,2,2,3,5,5,6,6,7,3,77.9,0.33,-1
250,0,3,2,2,3,5,5,4,5,5,3,64.4,0.33,-1
251,0,3,3,2,3,5,3,5,4,4,3,65.64,0.33,-1
252,0,3,3,2,3,2,5,3,2,4,3,42,0.33,0
253,0,3,2,2,3,4,3,5,3,3,3,48.29,0.33,0
254,0,3,2,2,3,5,5,4,4,4,3,57.08,0.33,0
255,0,3,3,2,3,3,3,4,3,2,3,48.18,0.33,0
256,0,3,3,2,3,4,3,5,3,5,3,58.44,0.33,0
257,0,3,3,2,3,4,3,5,3,5,3,58.44,0.33,0
258,0,3,3,2,3,5,3,5,4,5,3,67.38,0.33,-1
259,0,3,3,2,3,3,5,4,2,4,3,47.04,0.33,0
260,0,3,1,2,3,3,3,4,2,2,3,31.48,0.33,0
261,0,3,1,2,3,5,5,4,4,5,3,50.62,0.33,0
262,0,3,2,2,3,5,5,4,4,6,3,60.2,0.33,-1
263,0,3,3,2,3,4,5,4,4,4,3,62.52,0.33,-1
264,0,3,3,2,3,4,5,4,4,5,3,64.26,0.33,-1
265,0,3,3,2,3,5,1,7,4,4,3,69,0.33,-1
266,0,3,4,2,3,4,1,5,3,2,3,57.55,0.33,0
267,0,3,2,2,3,4,3,5,3,4,3,49.85,0.33,0
268,0,3,2,2,3,5,2,5,4,4,3,56.87,0.33,0
269,1,3,3,2,3,4,3,4,3,3,3,50.24,0.33,0
270,1,3,4,2,3,4,4,4,2,4,3,52.42,0.33,0
271,1,3,3,2,3,4,3,4,3,3,3,50.24,0.33,0
272,1,3,1,2,3,5,5,5,4,5,3,49.85,0.33,0
273,1,3,3,2,3,3,1,5,2,2,3,40.67,0.33,0
274,1,1,2,2,3,5,2,7,5,5,3,53.06,0.33,0
275,1,1,3,2,3,4,6,3,3,4,3,43.35,0.33,0
276,1,1,1,2,3,4,3,5,3,5,3,32.63,0.33,0
277,1,1,2,2,3,4,2,5,3,3,3,36.5,0.33,0
278,1,1,2,2,3,4,3,5,3,3,3,37.14,0.33,0
279,1,1,4,2,3,5,4,5,4,4,3,61.2,0.33,-1
280,1,1,3,2,3,5,5,4,5,5,3,58.5,0.33,0
281,1,1,2,2,3,5,5,5,4,5,3,47,0.33,0
282,1,1,1,2,3,4,4,5,4,5,3,36.83,0.33,0
283,1,1,2,2,3,4,4,5,3,5,3,40.3,0.33,0
284,1,1,3,2,3,3,4,3,2,4,3,34.69,0.33,0
285,1,1,3,2,3,4,3,4,3,3,3,41.72,0.33,0
286,0,1,2,2,3,5,3,4,3,4,3,40.48,0.33,0
287,0,1,3,2,3,3,4,3,2,3,3,34.9,0.33,0
288,0,1,3,2,3,3,4,4,2,3,3,37.1,0.33,0
289,0,1,2,2,3,4,3,5,3,3,3,39.33,0.33,0
290,1,1,4,2,3,4,3,6,4,4,3,60.54,0.33,-1
291,1,1,2,2,3,4,5,4,3,5,3,39.18,0.33,0
292,1,1,1,2,3,5,5,5,4,5,3,38.65,0.33,0
293,1,1,3,2,3,4,3,6,3,5,3,48.78,0.33,0
294,1,1,3,2,3,3,4,3,2,3,3,33.25,0.33,0
295,1,1,2,2,3,5,2,6,4,4,3,45.58,0.33,0
296,1,1,2,2,3,2,3,3,1,3,3,21.5,0.33,0
297,1,1,5,2,3,4,3,4,3,2,3,52.6,0.33,0
298,1,1,3,2,3,4,2,5,3,4,3,44.49,0.33,0
299,1,1,4,2,3,5,4,5,4,5,3,62.82,0.33,-1
300,1,1,2,2,3,4,5,2,3,3,3,33.14,0.33,0
301,1,1,2,2,3,2,5,2,3,3,3,29.94,0.33,0
302,1,1,2,2,3,3,4,3,2,4,3,29.46,0.33,0
303,1,1,2,2,3,4,5,3,3,5,3,37.42,0.33,0
304,1,1,4,2,3,4,4,4,3,5,3,52.18,0.33,0
305,1,1,4,2,3,4,2,5,3,3,3,49.6,0.33,0
306,0,1,4,2,3,3,4,4,2,4,3,44.16,0.33,0
307,0,1,3,2,3,5,4,5,4,5,3,57.3,0.33,0
308,0,1,2,2,3,3,2,4,2,2,3,29.04,0.33,0
309,0,2,2,2,3,5,5,5,4,5,3,55.35,0.33,0
310,0,2,2,2,3,4,5,4,4,4,3,49.92,0.33,0
311,0,2,1,2,3,4,3,4,3,3,3,35.38,0.33,0
312,0,2,2,2,3,5,5,6,5,6,3,64.12,0.33,-1
313,0,2,2,2,3,4,5,4,4,5,3,51.36,0.33,0
314,0,2,3,2,3,4,5,3,3,4,3,49.02,0.33,0
315,0,2,3,2,3,3,4,3,2,2,3,36.68,0.33,0
316,0,2,4,2,3,5,4,5,4,4,3,69.25,0.33,-1
317,0,2,3,2,3,3,4,3,2,2,3,36.68,0.33,0
318,0,2,2,2,3,3,6,2,2,4,3,34.12,0.33,0
319,0,2,3,2,3,4,4,5,3,5,3,54.6,0.33,0
320,0,2,2,2,3,4,3,5,3,4,3,45.25,0.33,0
321,0,2,2,2,3,4,2,4,3,3,3,40.96,0.33,0
322,0,2,1,2,3,4,2,5,3,4,3,37.76,0.33,0
323,0,2,2,2,3,4,3,4,3,3,3,41.72,0.33,0
324,0,2,1,2,3,4,2,5,3,3,3,36.5,0.33,0
325,0,2,3,2,3,4,4,4,3,4,3,50.56,0.33,0
326,0,2,3,2,3,4,4,4,3,4,3,50.56,0.33,0
327,0,2,3,2,3,3,3,4,2,3,3,39.84,0.33,0
328,0,2,4,2,3,4,3,4,3,3,3,54.4,0.33,0
329,1,2,2,2,3,5,4,5,4,4,3,50.5,0.33,0
330,1,2,3,2,3,5,4,5,4,5,3,60.11,0.33,-1
331,1,2,3,2,3,4,5,4,4,5,3,56.54,0.33,0
332,1,2,3,2,3,4,1,6,3,4,3,50.48,0.33,0
333,1,2,1,2,3,3,4,4,3,4,3,33.6,0.33,0
334,1,2,1,2,3,4,5,3,3,4,3,34.05,0.33,0
335,1,2,1,2,3,3,5,4,2,5,3,31.2,0.33,0
336,1,2,2,2,3,4,4,4,4,4,3,46.72,0.33,0
337,1,2,2,2,3,5,6,3,4,5,3,49.36,0.33,0
338,1,2,1,2,3,6,4,6,5,5,3,51,0.33,0
339,1,2,1,2,3,3,5,3,3,4,3,32.55,0.33,0
340,1,2,3,2,3,5,3,6,4,4,3,60.02,0.33,-1
341,1,2,2,2,3,5,2,5,4,3,3,47.68,0.33,0
342,1,2,3,2,3,4,5,3,3,3,3,45.35,0.33,0
343,1,2,2,2,3,5,5,4,4,5,3,50.62,0.33,0
344,1,2,3,2,3,5,4,5,3,5,3,54.35,0.33,0
345,1,2,3,2,3,4,4,4,3,4,3,48.38,0.33,0
346,1,2,1,2,3,4,6,3,3,4,3,34.65,0.33,0
347,1,2,2,2,3,5,5,4,4,4,3,49.24,0.33,0
348,0,1,4,2,3,4,2,4,3,2,3,47.54,0.33,0
349,0,1,1,2,3,3,4,4,2,4,3,27.48,0.33,0
350,0,1,1,2,3,6,2,7,5,5,3,48.14,0.33,0
351,0,1,4,2,3,5,3,5,4,4,3,62.93,0.33,-1
352,0,1,2,2,3,5,2,6,3,4,3,43.54,0.33,0
353,0,1,3,2,3,5,1,6,4,3,3,54.1,0.33,0
354,0,1,3,2,3,3,3,4,3,3,3,41.8,0.33,0
355,0,1,1,2,3,5,4,5,3,5,3,36.9,0.33,0
356,0,1,2,2,3,4,7,3,4,6,3,46.99,0.33,0
357,0,1,1,2,3,4,3,4,2,3,3,27.18,0.33,0
358,0,1,1,2,3,5,4,4,4,4,3,38.16,0.33,0
359,0,1,3,2,3,3,5,3,3,4,3,42.7,0.33,0
360,0,1,2,2,3,5,3,5,4,4,3,47.07,0.33,0
361,0,3,2,2,3,3,5,3,3,4,2,46.12,0.33,0
362,0,3,1,2,3,4,3,4,3,3,2,41.12,0.33,0
363,0,3,1,2,3,5,5,4,4,5,2,52.36,0.33,0
364,0,3,2,2,3,5,5,4,4,5,2,60.38,0.33,-1
365,0,3,3,2,3,4,4,4,3,4,2,56.5,0.33,0
366,0,3,3,2,3,5,5,5,4,5,2,71.15,0.33,-1
367,0,3,2,2,3,4,1,6,4,4,2,57.98,0.33,0
368,0,3,4,2,3,4,1,5,3,2,2,59.1,0.33,0
369,0,3,2,2,3,3,1,5,2,2,2,38.48,0.33,0
370,0,3,3,2,3,5,1,7,4,4,2,70.95,0.33,-1
371,0,3,3,2,3,3,2,4,2,2,2,41.9,0.33,0
372,0,3,2,2,3,5,5,5,4,5,2,62.8,0.33,-1
373,0,3,2,2,3,4,1,5,2,2,2,40.68,0.33,0
374,0,3,3,2,3,2,3,3,1,3,2,32.65,0.33,0
375,0,3,2,2,3,4,4,3,3,3,2,45.92,0.33,0
376,0,3,2,2,3,4,6,3,3,5,2,50.72,0.33,0
377,0,3,3,2,3,4,4,5,4,5,2,67.65,0.33,-1
378,0,3,3,2,3,3,4,4,2,4,2,47.3,0.33,0
379,0,3,3,2,3,4,4,4,3,4,2,56.5,0.33,0
380,1,3,3,2,3,4,5,5,4,5,2,66,0.33,-1
381,1,3,2,2,3,1,4,3,2,3,2,31.95,0.33,0
382,1,3,3,2,3,5,4,5,4,5,2,67.44,0.33,-1
383,1,3,3,2,3,5,2,6,4,5,2,68.16,0.33,-1
384,1,3,2,2,3,4,3,5,3,4,2,49.15,0.33,0
385,1,3,4,2,3,4,4,4,3,4,2,60.96,0.33,-1
386,1,3,2,2,3,4,3,5,3,4,2,49.15,0.33,0
387,1,3,3,2,3,5,6,4,5,7,2,76.44,0.33,-1
388,1,3,2,2,3,5,6,4,4,5,2,58.58,0.33,0
389,1,3,1,2,3,5,6,4,4,6,2,51.72,0.33,0
390,1,3,1,2,3,3,3,4,2,3,2,32.36,0.33,0
391,1,3,2,2,3,5,5,5,6,6,2,72.83,0.33,-1
392,1,3,2,2,3,3,5,4,3,4,2,46.42,0.33,0
393,1,3,2,2,3,4,2,4,3,3,2,44.54,0.33,0
394,1,3,3,2,3,4,7,3,4,5,2,62.64,0.33,-1
395,1,3,3,2,3,4,3,4,3,3,2,51.72,0.33,0
396,1,3,2,2,3,5,4,5,4,5,2,59.21,0.33,0
397,1,3,1,2,3,4,2,4,3,2,2,37.04,0.33,0
398,1,3,3,2,3,4,1,6,3,4,2,56.72,0.33,0
399,0,1,3,2,3,5,6,4,4,6,2,59.94,0.33,0
400,0,1,2,2,3,4,5,4,4,4,2,46.54,0.33,0
401,0,1,2,2,3,4,5,4,3,5,2,42.94,0.33,0
402,0,1,3,2,3,4,2,5,4,3,2,52.41,0.33,0
403,0,1,3,2,3,4,2,5,3,3,2,46.75,0.33,0
404,0,1,2,2,3,4,6,3,4,4,2,45.28,0.33,0
405,0,1,2,2,3,3,6,3,3,4,2,38.6,0.33,0
406,0,1,2,2,3,5,3,6,5,5,2,57.02,0.33,0
407,0,1,4,2,3,4,2,4,3,3,2,50.66,0.33,0
408,0,1,1,2,3,5,5,5,5,5,2,47.35,0.33,0
409,0,1,2,2,3,5,3,6,5,4,2,55.74,0.33,0
410,0,1,2,2,3,4,4,3,3,3,2,37.68,0.33,0
411,0,1,3,2,3,4,4,4,3,3,2,46.12,0.33,0
412,0,1,3,2,3,3,4,4,3,3,2,44.02,0.33,0
413,0,1,3,2,3,5,3,5,4,4,2,56.81,0.33,0
414,0,1,3,2,3,4,5,4,3,5,2,49.88,0.33,0
415,0,1,3,2,3,3,4,3,2,3,2,36.05,0.33,0
416,0,1,3,2,3,3,3,4,2,3,2,37.52,0.33,0
417,0,1,1,2,3,4,4,3,3,2,2,30.45,0.33,0
418,1,1,2,2,3,5,2,6,4,4,2,47.46,0.33,0
419,1,1,2,2,3,4,2,6,4,4,2,45.76,0.33,0
420,1,1,2,2,3,4,3,4,3,4,2,38.08,0.33,0
421,1,1,2,2,3,5,7,3,4,5,2,46.47,0.33,0
422,1,1,4,2,3,5,3,5,4,4,2,62.13,0.33,-1
423,1,1,3,2,3,6,6,5,5,7,2,68.2,0.33,-1
424,1,1,2,2,3,4,3,5,3,4,2,39.95,0.33,0
425,1,1,2,2,3,4,1,5,2,3,2,32.75,0.33,0
426,0,2,2,2,3,4,3,5,3,4,2,46.8,0.33,0
427,0,2,2,2,3,4,3,4,3,4,2,44.6,0.33,0
428,0,2,3,2,3,5,5,4,4,5,2,63.02,0.33,-1
429,0,2,1,2,3,5,4,5,4,4,2,46.95,0.33,0
430,0,2,4,2,3,4,6,3,3,5,2,59.66,0.33,0
431,0,2,2,2,3,4,1,6,3,3,2,46,0.33,0
432,0,2,3,2,3,5,1,5,4,3,2,58.71,0.33,0
433,0,2,4,2,3,3,3,4,2,3,2,46.32,0.33,0
434,0,2,2,2,3,3,3,4,2,4,2,37.2,0.33,0
435,0,2,4,2,3,4,6,3,3,5,2,59.66,0.33,0
436,0,2,2,2,3,5,2,6,4,4,2,55.6,0.33,0
437,0,2,2,2,3,4,5,3,4,4,2,49.4,0.33,0
438,0,2,2,2,3,4,5,4,4,5,2,53,0.33,0
439,0,2,2,2,3,4,4,4,3,3,2,44,0.33,0
440,0,2,1,2,3,4,4,4,3,4,2,38.76,0.33,0
441,0,2,1,2,3,5,4,4,4,4,2,45.08,0.33,0
442,0,2,2,2,3,5,6,5,4,7,2,60.8,0.33,-1
443,0,2,4,2,3,5,4,7,6,7,2,96.02,0.33,-1
444,0,2,2,2,3,4,3,4,3,3,2,43.2,0.33,0
445,0,2,2,2,3,3,3,4,2,3,2,35.8,0.33,0
446,0,2,3,2,3,3,3,4,3,4,2,48.82,0.33,0
447,0,2,3,2,3,5,3,6,4,5,2,66.24,0.33,-1
448,0,2,4,2,3,4,5,3,4,5,2,65.58,0.33,-1
449,0,2,2,2,3,3,5,3,3,3,2,40.6,0.33,0
450,1,2,3,2,3,4,3,5,3,4,2,51.4,0.33,0
451,1,2,3,2,3,5,4,6,4,5,2,64.34,0.33,-1
452,1,2,2,2,3,4,5,4,4,4,2,49.12,0.33,0
453,1,2,3,2,3,4,5,4,4,4,2,56.66,0.33,0
454,1,2,3,2,3,3,4,4,2,4,2,41.74,0.33,0
455,1,2,1,2,3,5,3,5,4,5,2,44.82,0.33,0
456,1,2,3,2,3,3,5,4,3,5,2,50.06,0.33,0
457,1,2,2,2,3,5,4,6,5,5,2,60.92,0.33,-1
458,1,2,2,2,3,3,4,3,2,2,2,31.41,0.33,0
459,1,2,3,2,3,5,4,5,4,5,2,61.92,0.33,-1
460,1,2,3,2,3,4,2,4,2,3,2,40.66,0.33,0
461,1,2,2,2,3,5,1,6,4,4,2,52.16,0.33,0
462,1,2,2,2,3,2,4,3,3,3,2,35.99,0.33,0
463,1,2,2,2,3,4,2,5,3,4,2,43.79,0.33,0
464,1,2,2,2,3,4,5,4,3,5,2,45.32,0.33,0
465,1,2,4,2,3,2,5,2,3,3,2,45.3,0.33,0
466,1,2,2,2,3,2,4,2,1,3,2,23.62,0.33,0
467,1,2,2,2,3,4,3,4,3,4,2,42.46,0.33,0
468,1,2,3,2,3,3,2,4,2,2,2,36.94,0.33,0
469,1,2,4,2,3,5,1,7,5,5,2,79.35,0.33,-1
470,1,2,2,2,3,4,3,3,3,2,2,37.69,0.33,0
471,1,2,3,2,3,3,2,4,2,2,2,36.94,0.33,0
472,1,2,2,2,3,4,4,3,3,3,2,39.79,0.33,0
473,1,1,3,2,3,4,3,4,4,4,2,50,0.33,0
474,1,1,3,2,3,4,5,4,4,5,2,53,0.33,0
475,1,1,2,2,3,2,3,4,2,3,2,28.84,0.33,0
476,1,1,1,2,3,4,3,5,3,4,2,33.1,0.33,0
477,1,1,2,2,3,4,3,5,3,4,2,39.95,0.33,0
478,1,1,3,2,3,5,3,6,4,5,2,57.8,0.33,0
479,1,1,2,2,3,4,3,5,3,3,2,38.73,0.33,0
480,1,1,5,2,3,5,3,5,4,4,2,70.06,0.33,-1
481,1,1,4,2,3,4,4,5,4,6,2,63.91,0.33,-1
482,1,1,2,2,3,3,5,3,2,5,2,32.47,0.33,0
483,0,3,3,2,3,4,3,5,3,4,1,59.8,0.33,0
484,0,3,4,2,3,5,4,5,5,5,1,87.83,0.33,-1
485,0,3,2,2,3,4,3,4,3,3,1,48.94,0.33,0
486,0,3,2,2,3,4,5,3,3,3,1,48.25,0.33,0
487,0,3,3,2,3,4,1,4,3,2,1,51.54,0.33,0
488,0,3,3,2,3,3,6,3,3,5,1,56.26,0.33,0
489,0,3,3,2,3,4,1,6,3,4,1,60.58,0.33,-1
490,0,3,2,2,3,4,4,5,4,5,1,61.43,0.33,-1
491,0,3,3,2,3,4,5,4,3,5,1,60.68,0.33,-1
492,0,3,2,2,3,4,2,5,3,4,1,52.03,0.33,0
493,0,3,3,2,3,3,6,1,2,3,1,40.36,0.33,0
494,0,3,1,2,3,2,2,4,2,2,1,31.2,0.33,0
495,0,3,2,2,3,4,4,4,3,4,1,51.34,0.33,0
496,0,3,2,2,3,5,2,6,4,6,1,65.9,0.33,-1
497,0,3,3,2,3,3,6,3,2,4,1,47.74,0.33,0
498,0,3,3,2,3,5,2,6,4,4,1,71.08,0.33,-1
499,1,3,3,2,3,4,4,3,3,3,1,51.45,0.33,0
500,1,3,2,2,3,4,3,4,3,3,1,46.86,0.33,0
501,1,3,3,2,3,5,4,6,4,5,1,72,0.33,-1
502,1,3,3,2,3,3,2,4,2,2,1,41.5,0.33,0
503,1,3,2,2,3,4,5,3,4,5,1,54.86,0.33,0
504,1,3,1,2,3,4,4,4,3,5,1,43.76,0.33,0
505,1,3,3,2,3,5,4,5,4,5,1,69.25,0.33,-1
506,1,3,2,2,3,4,2,5,2,4,1,44,0.33,0
507,1,3,4,2,3,3,4,3,2,3,1,47.4,0.33,0
508,1,3,2,2,3,5,3,5,4,4,1,58.72,0.33,0
509,1,3,2,2,3,3,4,4,2,4,1,41.14,0.33,0
510,1,3,2,2,3,5,5,4,4,4,1,58.06,0.33,0
511,1,3,2,2,3,4,6,4,4,5,1,58.16,0.33,0
512,1,3,3,2,3,4,4,4,3,4,1,55.8,0.33,0
513,1,3,4,2,3,3,4,4,3,3,1,57.86,0.33,0
514,1,3,1,2,3,4,2,5,3,4,1,43.09,0.33,0
515,1,3,2,2,3,4,5,4,3,6,1,52.88,0.33,0
516,1,3,2,2,3,5,3,6,4,4,1,61.14,0.33,-1
517,1,3,3,2,3,3,1,5,2,2,1,43.25,0.33,0
518,1,3,2,2,3,5,2,5,3,3,1,50.6,0.33,0
519,1,3,3,2,3,4,1,5,2,2,1,45.75,0.33,0
520,1,3,1,2,3,4,5,3,3,4,1,41.19,0.33,0
521,1,3,5,2,3,3,6,3,2,4,1,56.89,0.33,0
522,1,3,1,2,3,4,4,5,4,6,1,52.13,0.33,0
523,0,1,2,2,3,5,3,5,4,4,1,50.69,0.33,0
524,0,1,3,2,3,4,5,3,3,4,1,47.52,0.33,0
525,0,1,3,2,3,3,3,4,2,3,1,38.74,0.33,0
526,0,1,3,2,3,4,1,6,3,4,1,51.26,0.33,0
527,0,1,5,2,3,3,4,4,2,4,1,52.16,0.33,0
528,0,1,3,2,3,4,6,3,3,5,1,49.82,0.33,0
529,0,1,2,2,3,4,4,4,3,3,1,41.18,0.33,0
530,0,1,2,2,3,4,4,4,3,4,1,42.42,0.33,0
531,0,1,4,2,3,5,1,7,4,4,1,70.05,0.33,-1
532,0,1,2,2,3,3,5,3,3,4,1,39.19,0.33,0
533,0,1,2,2,3,2,4,2,1,3,1,23.12,0.33,0
534,0,1,3,2,3,6,4,5,5,5,1,68.94,0.33,-1
535,0,1,2,2,3,5,5,4,4,3,1,48.88,0.33,0
536,0,1,3,2,3,5,4,4,4,4,1,57.08,0.33,0
537,0,1,1,2,3,4,5,3,3,5,1,35.72,0.33,0
538,0,1,3,2,3,5,4,4,4,3,1,55.66,0.33,0
539,0,1,3,2,3,3,4,3,2,3,1,37.2,0.33,0
540,0,1,3,2,3,5,4,5,4,4,1,59.5,0.33,0
541,0,1,2,2,3,5,4,5,4,5,1,52.69,0.33,0
542,0,1,1,2,3,5,5,5,5,6,1,50.42,0.33,0
543,0,1,2,2,3,2,4,3,2,2,1,29.01,0.33,0
544,0,1,3,2,3,4,2,4,2,3,1,40.06,0.33,0
545,0,1,2,2,3,4,6,3,3,5,1,43.09,0.33,0
546,0,1,2,2,3,5,3,7,5,5,1,61.15,0.33,-1
547,0,1,2,2,3,5,4,4,4,3,1,48.12,0.33,0
548,0,1,2,2,3,5,2,6,4,4,1,52.02,0.33,0
549,0,1,2,2,3,3,3,4,2,3,1,33.48,0.33,0
550,0,1,3,2,3,3,2,3,2,2,1,34.02,0.33,0
551,0,1,1,2,3,4,4,3,3,3,1,32.96,0.33,0
552,0,1,2,2,3,5,5,4,4,5,1,51.36,0.33,0
553,0,1,3,2,3,4,3,4,3,3,1,46.76,0.33,0
554,0,1,1,2,3,4,3,5,3,4,1,36.9,0.33,0
555,0,1,2,2,3,5,5,4,4,5,1,51.36,0.33,0
556,0,1,1,2,3,4,2,6,4,4,1,42.28,0.33,0
557,0,1,3,2,3,5,1,5,3,2,1,48.2,0.33,0
558,0,1,2,2,3,3,4,3,2,3,1,32.15,0.33,0
559,0,1,1,2,3,4,4,5,3,5,1,38.6,0.33,0
560,0,1,2,2,3,4,5,3,3,4,1,41.09,0.33,0
561,0,1,3,2,3,5,3,6,4,4,1,61.04,0.33,-1
562,0,2,4,2,3,4,4,4,4,4,1,67.28,0.33,-1
563,0,2,3,2,3,5,6,4,4,5,1,65.72,0.33,-1
564,0,2,2,2,3,5,4,5,4,5,1,58.21,0.33,0
565,0,2,2,2,3,3,4,4,2,4,1,39.22,0.33,0
566,0,2,2,2,3,5,3,5,4,4,1,56.01,0.33,0
567,0,2,2,2,3,5,3,5,3,4,1,50.45,0.33,0
568,0,2,2,2,3,4,5,3,3,5,1,46.77,0.33,0
569,0,2,2,2,3,4,5,4,3,5,1,49.08,0.33,0
570,1,2,2,2,3,3,3,4,2,4,1,36.6,0.33,0
571,1,2,4,2,3,4,4,3,3,3,1,53.46,0.33,0
572,1,2,4,2,3,4,1,5,4,3,1,62.92,0.33,-1
573,1,2,2,2,3,3,4,3,3,4,1,40.5,0.33,0
574,1,2,3,2,3,3,2,4,2,2,1,38.16,0.33,0
575,1,2,3,2,3,4,4,5,3,6,1,56.83,0.33,0
576,1,2,2,2,3,5,4,5,4,5,1,55.5,0.33,0
577,1,2,2,2,3,3,5,4,3,5,1,44.8,0.33,0
578,1,2,4,2,3,2,2,4,2,3,1,42.18,0.33,0
579,1,2,2,2,3,2,3,3,2,3,1,31.1,0.33,0
580,1,2,3,2,3,4,5,3,3,4,1,49.73,0.33,0
581,1,2,2,2,3,5,3,6,4,5,1,56.9,0.33,0
582,1,2,2,2,3,4,4,4,3,4,1,44.7,0.33,0
583,1,2,2,2,3,4,5,4,4,4,1,50.8,0.33,0
584,1,2,1,2,3,5,4,5,4,5,1,47.27,0.33,0
585,1,2,3,2,3,4,2,5,3,3,1,50.55,0.33,0
586,1,2,4,2,3,4,4,5,4,5,1,69.36,0.33,-1
587,1,2,3,2,3,5,3,5,4,5,1,62.81,0.33,-1
588,1,2,2,2,3,4,2,5,3,3,1,44,0.33,0
589,1,2,2,2,3,4,4,5,3,5,1,48.2,0.33,0
590,1,2,3,2,3,3,2,4,2,2,1,38.16,0.33,0
591,1,2,2,2,3,5,2,6,4,4,1,54.8,0.33,0
592,1,2,4,2,3,4,2,5,3,3,1,57.1,0.33,0
593,1,2,3,2,3,3,2,5,2,3,1,42.17,0.33,0
594,1,2,2,2,3,4,4,5,4,4,1,52.2,0.33,0
595,1,2,3,2,3,3,1,5,2,3,1,41.25,0.33,0
596,1,2,2,2,3,4,4,4,3,4,1,44.7,0.33,0
597,1,1,2,2,3,3,3,4,3,2,1,35.36,0.33,0
598,1,1,2,2,3,6,5,5,5,5,1,57.28,0.33,0
599,1,1,2,2,3,4,4,4,3,4,1,40.24,0.33,0
600,1,1,2,2,3,5,4,6,5,6,1,57.92,0.33,0
601,1,1,2,2,3,4,4,4,3,4,1,40.24,0.33,0
602,1,1,3,2,3,2,4,3,1,3,1,27.89,0.33,0
603,1,1,3,2,3,5,7,4,5,7,1,66.7,0.33,-1
604,1,1,3,2,3,3,6,2,2,5,1,37.64,0.33,0
605,1,1,3,2,3,5,3,5,4,5,1,57.37,0.33,0
606,1,1,3,2,3,5,4,5,4,4,1,56.85,0.33,0
607,1,1,3,2,3,3,2,3,2,2,1,32.51,0.33,0
608,1,1,3,2,3,5,3,5,4,3,1,54.65,0.33,0
609,1,1,2,2,3,3,3,4,2,2,1,30.58,0.33,0
610,1,1,2,2,3,4,5,4,4,6,1,48.1,0.33,0
611,1,1,3,2,3,4,1,6,3,4,1,48.98,0.33,0
612,1,1,2,2,3,4,1,6,3,3,1,40.86,0.33,0
613,1,1,2,2,3,5,2,5,3,3,1,41.4,0.33,0
614,1,1,2,2,3,4,7,4,4,6,1,49.54,0.33,0
615,1,1,2,2,3,4,2,7,4,5,1,50.7,0.33,0
616,1,1,3,3,3,4,3,5,4,4,3,50.3,0.33,0
617,1,1,3,3,3,4,4,4,4,3,3,47.53,0.33,0
618,0,2,3,3,3,4,3,4,4,3,3,53.86,0.33,0
619,0,2,3,3,3,4,1,5,3,3,3,48.5,0.33,0
620,0,1,2,3,3,5,6,4,4,5,3,48.39,0.33,0
621,0,1,2,3,3,3,3,5,2,4,3,34.06,0.33,0
622,1,3,3,3,3,3,2,4,3,3,2,48.12,0.33,0
623,0,1,2,3,3,4,5,3,3,4,2,39.5,0.33,0
624,0,1,2,3,3,4,5,4,4,5,2,47.64,0.33,0
625,0,1,2,3,3,5,4,5,4,4,2,49.42,0.33,0
626,0,1,2,3,3,4,4,5,4,5,2,48.9,0.33,0
627,1,2,3,3,3,4,4,5,4,5,2,59.5,0.33,0
628,1,2,4,3,3,3,1,5,1,2,2,36.7,0.33,0
629,1,2,2,3,3,4,3,4,3,3,2,40.93,0.33,0
630,1,1,2,3,3,4,4,4,3,4,2,38.59,0.33,0
631,1,1,1,3,3,3,1,4,2,2,2,22.98,0.33,0
632,0,3,3,3,3,4,1,5,3,3,1,55.8,0.33,0
633,1,3,3,3,3,3,5,2,2,4,1,41.95,0.33,0
634,0,1,2,3,3,4,4,5,4,5,1,50.6,0.33,0
635,0,1,2,3,3,4,4,4,3,4,1,42.23,0.33,0
636,0,1,2,3,3,2,2,4,2,2,1,29.39,0.33,0
637,0,2,4,3,3,4,1,6,3,3,1,60.87,0.33,-1
638,1,2,2,3,3,4,2,5,3,4,1,45.1,0.33,0
639,0,3,2,4,3,3,1,4,2,2,3,34.46,0.33,0
640,0,2,1,4,3,5,2,6,4,4,3,45.26,0.33,0
641,0,3,3,1,4,5,5,4,4,5,3,68.34,0.33,-1
642,0,3,4,1,4,5,6,4,4,5,3,77.65,0.33,-1
643,0,3,2,1,4,6,2,7,6,4,3,76.58,0.33,-1
644,0,3,3,1,4,7,4,7,6,6,3,94.92,0.33,-1
645,0,3,2,1,4,6,5,6,6,5,3,78.35,0.33,-1
646,0,3,3,1,4,5,1,7,4,3,3,68.94,0.33,-1
647,1,3,2,1,4,5,1,7,4,4,3,59.3,0.33,0
648,1,3,2,1,4,6,4,5,5,4,3,64.8,0.33,-1
649,1,3,2,1,4,5,4,4,4,3,3,53.6,0.33,0
650,1,3,1,1,4,5,2,6,4,3,3,48.23,0.33,0
651,1,3,2,1,4,5,6,4,4,5,3,58.2,0.33,0
652,1,1,3,1,4,6,5,5,6,5,3,69.06,0.33,-1
653,1,1,3,1,4,5,4,5,5,4,3,59.72,0.33,0
654,1,1,3,1,4,5,6,4,4,5,3,55.35,0.33,0
655,1,1,2,1,4,5,5,4,4,4,3,45.1,0.33,0
656,1,1,3,1,4,7,4,7,7,5,3,79.62,0.33,-1
657,1,1,1,1,4,5,3,6,5,4,3,42.55,0.33,0
658,1,1,1,1,4,5,6,5,5,5,3,43.76,0.33,0
659,1,1,1,1,4,6,3,6,5,4,3,43.85,0.33,0
660,0,1,2,1,4,5,4,5,5,4,3,53.66,0.33,0
661,0,1,2,1,4,5,6,4,4,5,3,49.75,0.33,0
662,0,1,2,1,4,6,4,6,5,4,3,57.23,0.33,0
663,1,1,2,1,4,5,3,5,4,4,3,45.58,0.33,0
664,1,1,3,1,4,5,6,4,5,5,3,60.59,0.33,-1
665,1,1,2,1,4,5,5,5,5,5,3,52.58,0.33,0
666,1,1,3,1,4,5,4,5,4,3,3,53.04,0.33,0
667,1,1,2,1,4,6,4,6,6,5,3,59.76,0.33,0
668,1,1,3,1,4,5,7,4,5,6,3,62.79,0.33,-1
669,1,1,3,1,4,4,4,5,3,4,3,47.34,0.33,0
670,1,1,4,1,4,5,7,4,5,5,3,70.6,0.33,-1
671,1,1,1,1,4,4,5,4,4,5,3,36.83,0.33,0
672,1,1,2,1,4,6,1,7,5,4,3,53.88,0.33,0
673,1,1,3,1,4,5,4,5,4,4,3,54.48,0.33,0
674,0,1,3,1,4,5,5,5,4,5,3,59.5,0.33,0
675,0,2,2,1,4,4,3,5,3,4,3,46.58,0.33,0
676,0,2,1,1,4,5,1,6,4,3,3,44.8,0.33,0
677,0,2,1,1,4,5,3,6,5,4,3,51.8,0.33,0
678,0,2,3,1,4,4,5,4,3,4,3,52.98,0.33,0
679,0,2,4,1,4,5,4,5,4,4,3,71,0.33,-1
680,1,2,1,1,4,4,5,3,3,3,3,33.9,0.33,0
681,1,2,3,1,4,5,6,4,4,5,3,60.95,0.33,-1
682,1,2,2,1,4,6,6,5,5,5,3,61.36,0.33,-1
683,1,2,2,1,4,4,7,3,4,5,3,49.54,0.33,0
684,0,1,4,1,4,5,4,6,5,5,3,75.95,0.33,-1
685,0,1,1,1,4,6,3,6,5,4,3,47,0.33,0
686,0,1,4,1,4,6,3,7,5,5,3,79.86,0.33,-1
687,0,1,3,1,4,6,3,6,5,4,3,66.1,0.33,-1
688,0,3,2,1,4,6,5,5,5,4,2,70.94,0.33,-1
689,0,3,1,1,4,4,4,4,4,3,2,48.35,0.33,0
690,0,3,1,1,4,6,6,5,5,5,2,63.58,0.33,-1
691,0,3,4,1,4,6,6,6,6,6,2,105.3,0.33,-1
692,0,3,3,1,4,6,5,6,6,5,2,91.55,0.33,-1
693,0,3,3,1,4,5,6,5,5,5,2,80.6,0.33,-1
694,0,3,2,1,4,6,5,6,5,6,2,76.4,0.33,-1
695,1,3,1,1,4,4,5,4,4,5,2,49.18,0.33,0
696,1,3,2,1,4,5,6,5,5,6,2,69.48,0.33,-1
697,1,3,2,1,4,4,4,4,4,4,2,54.81,0.33,0
698,1,3,5,1,4,6,4,7,6,6,2,113.6,0.33,-1
699,1,3,2,1,4,6,4,6,5,5,2,70.75,0.33,-1
700,1,3,3,1,4,6,2,6,5,3,2,75.4,0.33,-1
701,1,3,3,1,4,7,2,7,6,5,2,90.16,0.33,-1
702,1,3,3,1,4,4,3,4,4,3,2,59.84,0.33,0
703,0,1,3,1,4,5,5,5,4,5,2,61.42,0.33,-1
704,0,1,3,1,4,4,7,3,4,5,2,56.38,0.33,0
705,0,1,3,1,4,5,1,7,4,3,2,59.76,0.33,0
706,0,1,2,1,4,6,5,6,6,5,2,66.4,0.33,-1
707,0,1,2,1,4,5,3,6,4,4,2,52.12,0.33,0
708,0,1,2,1,4,5,5,5,5,6,2,59.02,0.33,0
709,0,1,3,1,4,4,4,5,4,4,2,57.02,0.33,0
710,0,1,2,1,4,5,4,5,4,5,2,52.14,0.33,0
711,0,1,2,1,4,5,4,6,4,5,2,54.12,0.33,0
712,0,1,1,1,4,4,7,3,4,5,2,40.7,0.33,0
713,1,1,2,1,4,6,4,6,5,5,2,57.55,0.33,0
714,1,1,1,1,4,5,1,6,4,3,2,38.7,0.33,0
715,1,1,3,1,4,4,6,3,3,4,2,46.2,0.33,0
716,1,1,2,1,4,4,6,4,3,5,2,42.53,0.33,0
717,0,1,3,1,4,5,3,5,5,4,2,63.94,0.33,-1
718,0,1,2,1,4,5,3,6,5,4,2,57,0.33,0
719,0,2,4,1,4,5,4,5,5,4,2,79.88,0.33,-1
720,0,2,4,1,4,5,4,5,4,4,2,72.92,0.33,-1
721,0,2,2,1,4,6,2,7,5,5,2,68,0.33,-1
722,0,2,3,1,4,5,6,5,5,5,2,74.26,0.33,-1
723,0,2,2,1,4,4,2,5,4,3,2,51.4,0.33,0
724,0,2,3,1,4,4,6,3,4,4,2,59.14,0.33,0
725,0,2,1,1,4,6,4,6,6,6,2,63.39,0.33,-1
726,0,2,3,1,4,5,4,5,4,3,2,63.08,0.33,-1
727,0,2,3,1,4,4,5,3,3,3,2,50.46,0.33,0
728,1,2,2,1,4,5,6,4,5,6,2,60.93,0.33,-1
729,1,2,2,1,4,5,7,3,5,6,2,59.6,0.33,0
730,1,2,2,1,4,5,7,4,5,5,2,60.35,0.33,-1
731,1,2,2,1,4,5,3,6,5,4,2,60.15,0.33,-1
732,1,2,3,1,4,6,5,5,5,5,2,72.46,0.33,-1
733,1,2,1,1,4,4,4,5,4,4,2,43.82,0.33,0
734,1,2,3,1,4,6,4,6,5,5,2,74,0.33,-1
735,1,2,2,1,4,6,2,7,6,5,2,69.86,0.33,-1
736,1,2,2,1,4,6,3,7,6,6,2,71.96,0.33,-1
737,1,1,3,1,4,5,5,5,4,5,2,58.6,0.33,0
738,0,3,1,1,4,6,7,4,6,6,1,71,0.33,-1
739,0,3,4,1,4,4,3,5,3,5,1,70.52,0.33,-1
740,0,3,1,1,4,6,4,7,6,5,1,73.9,0.33,-1
741,0,3,3,1,4,4,3,5,3,3,1,59.96,0.33,0
742,0,3,3,1,4,6,5,6,6,5,1,94,0.33,-1
743,1,3,4,1,4,4,6,3,4,4,1,70.94,0.33,-1
744,1,3,3,1,4,5,3,6,4,4,1,71.15,0.33,-1
745,1,3,2,1,4,5,5,4,4,5,1,61.02,0.33,-1
746,1,3,3,1,4,4,4,5,4,5,1,68.5,0.33,-1
747,0,1,4,1,4,4,4,4,4,3,1,62.45,0.33,-1
748,0,1,2,1,4,5,4,6,5,5,1,61.15,0.33,-1
749,0,1,3,1,4,5,4,5,4,5,1,62.46,0.33,-1
750,0,1,2,1,4,4,2,5,3,2,1,41.84,0.33,0
751,0,1,2,1,4,6,4,6,6,4,1,66.85,0.33,-1
752,0,1,3,1,4,6,4,6,5,6,1,74.32,0.33,-1
753,0,1,1,1,4,6,3,6,5,4,1,51.5,0.33,0
754,0,1,2,1,4,6,7,5,6,6,1,69.52,0.33,-1
755,0,2,2,1,4,6,1,7,5,3,1,66.72,0.33,-1
756,0,2,2,1,4,5,4,5,5,4,1,63.88,0.33,-1
757,1,2,2,1,4,6,5,6,5,6,1,68.5,0.33,-1
758,1,2,2,1,4,6,6,5,6,7,1,73.7,0.33,-1
759,1,2,3,1,4,4,6,3,3,3,1,50.78,0.33,0
760,1,2,2,1,4,5,3,5,4,4,1,54.8,0.33,0
761,1,1,3,1,4,5,5,5,5,5,1,66.08,0.33,-1
762,1,1,4,1,4,5,3,5,5,4,1,71.96,0.33,-1
763,1,1,4,1,4,5,6,5,5,6,1,77.92,0.33,-1
764,1,1,3,1,4,5,3,6,5,4,1,65.35,0.33,-1
765,1,1,1,1,4,5,5,6,5,6,1,50.05,0.33,0
766,1,1,3,1,4,4,4,4,3,3,1,46.99,0.33,0
767,1,1,1,1,4,5,4,5,5,4,1,45.8,0.33,0
768,1,1,2,1,4,6,4,6,5,5,1,59.8,0.33,0
769,1,1,1,1,4,4,4,4,4,3,1,37.65,0.33,0
770,1,1,2,1,4,5,3,6,5,4,1,56.1,0.33,0
771,0,3,2,2,4,6,6,5,5,6,3,72.47,0.33,-1
772,0,3,3,2,4,4,3,5,4,4,3,64.68,0.33,-1
773,0,3,2,2,4,4,5,5,4,4,3,58.55,0.33,0
774,0,3,3,2,4,4,4,5,4,4,3,65.64,0.33,-1
775,0,3,4,2,4,4,6,4,4,6,3,76.6,0.33,-1
776,0,3,1,2,4,5,2,7,5,5,3,60.46,0.33,-1
777,0,3,2,2,4,5,3,6,5,4,3,67.04,0.33,-1
778,0,3,3,2,4,6,5,6,6,5,3,88.86,0.33,-1
779,0,3,1,2,4,5,5,4,5,4,3,55.3,0.33,0
780,0,3,2,2,4,4,6,4,4,4,3,57.08,0.33,0
781,0,3,1,2,4,5,4,5,4,4,3,51.58,0.33,0
782,0,3,3,2,4,5,4,6,4,5,3,72.42,0.33,-1
783,0,3,1,2,4,5,3,6,5,5,3,59.2,0.33,0
784,0,3,2,2,4,6,3,6,5,4,3,69.14,0.33,-1
785,0,3,3,2,4,5,6,4,4,4,3,67.32,0.33,-1
786,0,3,4,2,4,4,5,4,4,3,3,69.76,0.33,-1
787,0,3,4,2,4,5,5,6,5,5,3,89.56,0.33,-1
788,0,3,2,2,4,4,2,4,3,2,3,44.84,0.33,0
789,0,3,3,2,4,5,5,5,4,4,3,69,0.33,-1
790,0,3,3,2,4,4,4,4,4,3,3,61.26,0.33,-1
791,0,3,2,2,4,5,3,6,5,3,3,65.48,0.33,-1
792,0,3,3,2,4,7,6,6,6,6,3,93.96,0.33,-1
793,0,3,2,2,4,6,6,5,7,6,3,83.99,0.33,-1
794,0,3,2,2,4,5,6,4,5,6,3,68.06,0.33,-1
795,0,3,3,2,4,7,3,7,6,5,3,91.98,0.33,-1
796,0,3,2,2,4,6,5,5,6,5,3,75.83,0.33,-1
797,0,3,2,2,4,6,6,5,6,5,3,76.67,0.33,-1
798,0,3,2,2,4,7,4,7,6,6,3,83.27,0.33,-1
799,0,3,3,2,4,4,2,5,4,3,3,61.98,0.33,-1
800,0,3,2,2,4,5,6,4,5,5,3,66.5,0.33,-1
801,0,3,2,2,4,5,6,5,5,6,3,70.37,0.33,-1
802,0,3,2,2,4,3,2,5,3,3,3,46.61,0.33,0
803,0,3,3,2,4,5,2,6,4,3,3,67.02,0.33,-1
804,0,3,3,2,4,6,5,5,5,5,3,79.68,0.33,-1
805,0,3,3,2,4,5,6,4,4,4,3,67.32,0.33,-1
806,1,3,2,2,4,5,4,4,4,4,3,54.9,0.33,0
807,1,3,1,2,4,6,6,6,6,6,3,65.88,0.33,-1
808,1,1,4,2,4,6,3,6,5,4,3,72.28,0.33,-1
809,1,1,3,2,4,5,4,5,5,5,3,60.97,0.33,-1
810,1,1,1,2,4,6,5,5,6,4,3,47.01,0.33,0
811,1,1,2,2,4,5,4,6,5,5,3,53.54,0.33,0
812,1,1,1,2,4,4,3,6,3,4,3,33.76,0.33,0
813,1,1,2,2,4,5,3,5,4,3,3,44.16,0.33,0
814,1,1,3,2,4,5,3,6,4,5,3,57.06,0.33,0
815,1,1,4,2,4,5,1,5,4,1,3,55.02,0.33,0
816,1,1,2,2,4,5,6,4,6,5,3,55.76,0.33,0
817,1,1,2,2,4,5,3,6,4,4,3,47.18,0.33,0
818,1,1,2,2,4,5,4,6,5,5,3,53.54,0.33,0
819,1,1,3,2,4,4,4,5,4,3,3,50.95,0.33,0
820,1,1,1,2,4,5,3,5,4,3,3,36.23,0.33,0
821,1,1,2,2,4,5,5,5,5,6,3,53.68,0.33,0
822,1,1,3,2,4,5,3,6,4,4,3,55.62,0.33,0
823,1,1,2,2,4,6,6,5,6,6,3,60.38,0.33,-1
824,1,1,1,2,4,5,5,4,4,4,3,36.92,0.33,0
825,1,1,2,2,4,6,5,5,5,5,3,54.02,0.33,0
826,1,1,3,2,4,5,3,5,4,3,3,52.09,0.33,0
827,1,1,2,2,4,5,3,5,4,2,3,42.9,0.33,0
828,1,1,3,2,4,6,4,7,7,6,3,78.97,0.33,-1
829,1,1,4,2,4,4,1,7,3,4,3,56.5,0.33,0
830,1,1,3,2,4,6,7,5,6,7,3,73.27,0.33,-1
831,1,1,2,2,4,3,4,4,3,3,3,35.38,0.33,0
832,1,1,3,2,4,4,5,4,3,4,3,45.82,0.33,0
833,1,1,2,2,4,6,3,7,5,4,3,55,0.33,0
834,1,1,2,2,4,5,5,5,5,6,3,53.68,0.33,0
835,1,1,2,2,4,4,7,2,3,4,3,36.64,0.33,0
836,1,1,2,2,4,7,2,7,6,5,3,61.68,0.33,-1
837,0,1,3,2,4,5,5,4,5,4,3,61.1,0.33,-1
838,0,1,2,2,4,4,7,3,4,5,3,46.69,0.33,0
839,0,1,2,2,4,6,2,6,5,3,3,54.38,0.33,0
840,0,1,3,2,4,5,5,5,5,5,3,64.8,0.33,-1
841,0,1,2,2,4,4,3,4,3,3,3,38.48,0.33,0
842,0,1,3,2,4,5,5,5,5,5,3,64.8,0.33,-1
843,0,1,3,2,4,6,3,6,5,4,3,65.9,0.33,-1
844,0,1,3,2,4,5,7,5,5,6,3,67.9,0.33,-1
845,0,1,5,2,4,4,4,4,4,3,3,66.14,0.33,-1
846,0,1,4,2,4,5,2,5,4,3,3,61.71,0.33,-1
847,0,1,3,2,4,6,4,6,5,5,3,68.2,0.33,-1
848,0,1,3,2,4,5,4,5,5,4,3,62.5,0.33,-1
849,0,1,2,2,4,5,5,4,5,4,3,52.3,0.33,0
850,1,1,3,2,4,5,4,4,4,4,3,52.2,0.33,0
851,1,1,3,2,4,5,1,6,5,3,3,57.9,0.33,0
852,1,1,3,2,4,5,5,4,4,4,3,52.96,0.33,0
853,1,1,1,2,4,7,5,6,6,7,3,52.98,0.33,0
854,1,1,4,2,4,5,4,6,5,5,3,72.58,0.33,-1
855,1,1,3,2,4,5,6,4,4,5,3,55.16,0.33,0
856,1,1,2,2,4,6,5,5,6,4,3,57.22,0.33,0
857,1,1,2,2,4,6,4,6,6,4,3,58.34,0.33,0
858,1,1,2,2,4,6,5,6,6,7,3,62.76,0.33,-1
859,1,1,2,2,4,6,4,5,5,4,3,52.12,0.33,0
860,1,1,3,2,4,6,4,6,5,5,3,64.96,0.33,-1
861,1,1,1,2,4,5,4,5,4,4,3,37.83,0.33,0
862,1,1,2,2,4,4,4,4,4,3,3,41.44,0.33,0
863,1,1,3,2,4,5,4,5,5,5,3,60.97,0.33,-1
864,1,1,2,2,4,3,5,3,3,4,3,35.52,0.33,0
865,1,1,2,2,4,5,5,5,5,4,3,51.16,0.33,0
866,1,1,4,2,4,5,2,6,4,3,3,61.56,0.33,-1
867,1,1,4,2,4,6,7,5,6,6,3,82.64,0.33,-1
868,1,1,3,2,4,5,4,5,4,4,3,54.29,0.33,0
869,1,1,3,2,4,6,5,6,6,5,3,70.96,0.33,-1
870,1,1,1,2,4,5,4,6,5,5,3,44.02,0.33,0
871,1,1,3,2,4,5,4,5,4,4,3,54.29,0.33,0
872,1,1,2,2,4,6,5,6,6,6,3,61.5,0.33,-1
873,1,1,2,2,4,5,5,5,5,5,3,52.42,0.33,0
874,1,1,2,2,4,5,4,5,5,4,3,50.52,0.33,0
875,1,1,2,2,4,6,5,6,5,5,3,55.78,0.33,0
876,1,1,2,2,4,5,3,6,5,5,3,52.9,0.33,0
877,1,1,2,2,4,6,3,7,5,4,3,55,0.33,0
878,1,1,3,2,4,6,3,7,5,5,3,66.29,0.33,-1
879,1,1,2,2,4,6,4,6,5,5,3,55.14,0.33,0
880,1,1,2,2,4,6,3,7,6,5,3,60.72,0.33,-1
881,1,1,2,2,4,5,1,6,4,3,3,44.64,0.33,0
882,1,1,2,2,4,3,4,4,3,3,3,35.38,0.33,0
883,1,1,3,2,4,4,6,3,4,4,3,49.73,0.33,0
884,1,1,3,2,4,4,4,4,3,4,3,45.06,0.33,0
885,1,1,2,2,4,6,6,4,5,5,3,52.9,0.33,0
886,1,1,3,2,4,5,5,4,5,4,3,58.2,0.33,0
887,1,1,2,2,4,5,1,6,4,4,3,45.9,0.33,0
888,1,1,3,2,4,5,3,5,5,3,3,57.33,0.33,0
889,1,1,1,2,4,5,5,5,5,4,3,42.03,0.33,0
890,1,1,2,2,4,6,6,4,6,5,3,57.36,0.33,0
891,1,1,4,2,4,6,5,6,6,6,3,83.3,0.33,-1
892,1,1,3,2,4,5,4,5,4,4,3,54.29,0.33,0
893,1,1,2,2,4,5,4,5,5,4,3,50.52,0.33,0
894,1,1,2,2,4,5,3,6,4,4,3,47.18,0.33,0
895,1,1,4,2,4,5,5,5,5,5,3,71.04,0.33,-1
896,1,1,1,2,4,5,3,4,4,3,3,34.8,0.33,0
897,0,1,2,2,4,6,4,6,5,4,3,57.06,0.33,0
898,0,1,3,2,4,6,5,5,5,4,3,65.3,0.33,-1
899,0,1,2,2,4,6,3,6,5,4,3,56.38,0.33,0
900,0,1,2,2,4,5,4,5,5,4,3,53.49,0.33,0
901,0,1,4,2,4,5,4,6,4,6,3,71.12,0.33,-1
902,0,1,2,2,4,6,3,7,6,5,3,64.29,0.33,-1
903,0,1,3,2,4,5,1,7,4,2,3,56,0.33,0
904,0,2,2,2,4,6,4,6,6,5,3,70.2,0.33,-1
905,0,2,2,2,4,4,7,3,4,5,3,51.93,0.33,0
906,0,2,3,2,4,5,2,5,4,3,3,59.14,0.33,0
907,0,2,3,2,4,4,5,4,4,3,3,57.16,0.33,0
908,0,2,2,2,4,5,5,5,4,5,3,56.49,0.33,0
909,0,2,2,2,4,4,4,4,4,3,3,48.86,0.33,0
910,0,2,2,2,4,5,5,5,5,4,3,60.29,0.33,-1
911,0,2,2,2,4,2,4,3,2,2,3,31.05,0.33,0
912,0,2,2,2,4,6,4,5,5,4,3,61.43,0.33,-1
913,0,2,2,2,4,4,5,4,4,4,3,51.06,0.33,0
914,0,2,3,2,4,4,2,5,3,2,3,49.3,0.33,0
915,0,2,3,2,4,4,4,5,4,3,3,58.7,0.33,0
916,0,2,1,2,4,6,5,6,6,5,3,60.24,0.33,-1
917,0,2,4,2,4,3,4,4,4,3,3,61.2,0.33,-1
918,0,2,3,2,4,6,4,7,6,6,3,84.84,0.33,-1
919,0,2,3,2,4,6,2,6,5,3,3,69.78,0.33,-1
920,0,2,1,2,4,6,1,7,6,4,3,58.18,0.33,0
921,0,2,3,2,4,5,3,6,4,5,3,65.68,0.33,-1
922,0,2,4,2,4,4,5,3,4,3,3,61.95,0.33,-1
923,0,2,4,2,4,6,5,5,6,5,3,89.65,0.33,-1
924,0,2,2,2,4,5,4,4,4,3,3,50.76,0.33,0
925,0,2,2,2,4,6,3,7,6,5,3,71.53,0.33,-1
926,0,2,2,2,4,4,4,4,4,3,3,48.86,0.33,0
927,0,2,5,2,4,5,4,5,4,3,3,77,0.33,-1
928,0,2,2,2,4,5,6,5,5,5,3,62.49,0.33,-1
929,0,2,3,2,4,5,5,5,5,4,3,69.42,0.33,-1
930,0,2,3,2,4,6,3,6,5,5,3,73.9,0.33,-1
931,1,2,2,2,4,6,7,4,6,6,3,66.28,0.33,-1
932,1,2,2,2,4,5,7,3,5,5,3,56.14,0.33,0
933,1,2,3,2,4,5,7,4,5,4,3,65.78,0.33,-1
934,1,2,2,2,4,5,4,6,5,6,3,61.3,0.33,-1
935,1,2,1,2,4,5,6,4,4,6,3,45.3,0.33,0
936,1,2,2,2,4,5,6,5,5,6,3,60.76,0.33,-1
937,1,2,2,2,4,5,7,4,5,5,3,58.12,0.33,0
938,1,2,3,2,4,3,4,3,2,2,3,36.35,0.33,0
939,1,2,2,2,4,4,5,4,4,4,3,48.52,0.33,0
940,1,2,2,2,4,5,5,5,5,4,3,57.28,0.33,0
941,1,2,2,2,4,6,6,5,5,5,3,61.18,0.33,-1
942,1,2,3,2,4,6,6,5,6,5,3,76.67,0.33,-1
943,1,2,2,2,4,5,4,5,5,4,3,56.56,0.33,0
944,1,2,2,2,4,5,3,6,4,4,3,52.84,0.33,0
945,1,2,2,2,4,7,5,6,6,5,3,69.22,0.33,-1
946,1,2,2,2,4,5,6,4,5,5,3,57.4,0.33,0
947,1,2,2,2,4,6,6,5,6,6,3,67.54,0.33,-1
948,1,2,2,2,4,6,3,6,5,4,3,59.62,0.33,0
949,1,2,2,2,4,6,4,6,5,6,3,63.1,0.33,-1
950,1,2,1,2,4,5,5,5,5,6,3,50.55,0.33,0
951,1,2,1,2,4,5,5,5,5,4,3,48.15,0.33,0
952,1,2,2,2,4,5,3,6,4,4,3,52.84,0.33,0
953,1,2,2,2,4,6,4,6,6,5,3,66.7,0.33,-1
954,1,2,4,2,4,6,2,6,5,3,3,75.96,0.33,-1
955,1,2,2,2,4,3,4,4,3,3,3,39.64,0.33,0
956,1,2,2,2,4,4,6,4,4,5,3,50.62,0.33,0
957,1,2,1,2,4,5,3,6,5,4,3,48.6,0.33,0
958,1,2,5,2,4,5,7,3,4,4,3,73.57,0.33,-1
959,1,2,3,2,4,5,3,5,4,4,3,58.97,0.33,0
960,1,2,3,2,4,6,5,5,6,4,3,74.27,0.33,-1
961,1,2,3,2,4,6,1,7,5,3,3,68.21,0.33,-1
962,1,2,2,2,4,4,5,4,4,5,3,49.9,0.33,0
963,1,2,1,2,4,5,3,5,4,3,3,41.55,0.33,0
964,1,2,2,2,4,5,4,5,4,4,3,51.58,0.33,0
965,0,1,3,2,4,5,2,6,4,4,3,57.6,0.33,0
966,0,1,3,2,4,6,4,6,6,5,3,73.7,0.33,-1
967,0,1,3,2,4,5,2,6,4,4,3,57.6,0.33,0
968,0,1,2,2,4,5,4,6,5,4,3,55.36,0.33,0
969,0,1,4,2,4,4,4,4,3,3,3,52.44,0.33,0
970,0,1,1,2,4,6,4,6,5,5,3,48.56,0.33,0
971,0,1,3,2,4,4,3,5,4,4,3,54.2,0.33,0
972,0,1,1,2,4,5,4,6,5,6,3,48.3,0.33,0
973,0,1,1,2,4,5,5,4,4,4,3,39.56,0.33,0
974,0,1,3,2,4,6,5,5,6,4,3,70.8,0.33,-1
975,0,1,2,2,4,3,2,4,2,2,3,30.06,0.33,0
976,0,1,2,2,4,5,2,6,4,3,3,47.96,0.33,0
977,0,1,1,2,4,4,3,5,3,3,3,33.5,0.33,0
978,0,1,2,2,4,6,3,6,6,4,3,61.1,0.33,-1
979,0,1,4,2,4,5,5,6,5,5,3,76.64,0.33,-1
980,0,1,4,2,4,6,7,4,6,6,3,83.68,0.33,-1
981,0,1,2,2,4,3,5,4,3,3,3,38.14,0.33,0
982,0,1,2,2,4,3,2,4,2,3,3,31.38,0.33,0
983,0,1,3,2,4,6,4,6,5,4,3,66.7,0.33,-1
984,0,1,2,2,4,4,3,5,4,4,3,46.39,0.33,0
985,0,1,3,2,4,5,5,5,4,4,3,57.8,0.33,0
986,0,1,2,2,4,5,3,5,4,3,3,46.77,0.33,0
987,0,1,1,2,4,6,3,6,5,4,3,46.86,0.33,0
988,0,1,1,2,4,5,4,5,4,4,3,40.54,0.33,0
989,0,1,3,2,4,6,3,7,5,4,3,68.1,0.33,-1
990,0,3,1,2,4,4,5,4,4,5,2,51.6,0.33,0
991,0,3,2,2,4,5,7,4,5,5,2,69.38,0.33,-1
992,0,3,4,2,4,6,6,5,6,6,2,101.94,0.33,-1
993,0,3,2,2,4,3,5,4,3,4,2,49.86,0.33,0
994,0,3,2,2,4,5,5,5,4,5,2,64.12,0.33,-1
995,0,3,3,2,4,6,2,7,6,5,2,91.05,0.33,-1
996,0,3,4,2,4,4,2,5,3,3,2,63.78,0.33,-1
997,0,3,4,2,4,5,2,6,5,3,2,84.62,0.33,-1
998,0,3,1,2,4,5,5,4,5,4,2,57.3,0.33,0
999,0,3,2,2,4,5,7,4,5,6,2,70.9,0.33,-1
1000,0,3,3,2,4,4,5,3,3,3,2,54.55,0.33,0
1001,0,3,2,2,4,5,3,5,5,3,2,65.24,0.33,-1
1002,0,3,2,2,4,4,4,5,4,4,2,59.52,0.33,0
1003,0,3,2,2,4,6,6,4,5,5,2,70.7,0.33,-1
1004,0,3,2,2,4,5,1,7,5,4,2,69.84,0.33,-1
1005,0,3,4,2,4,6,5,5,5,5,2,91.46,0.33,-1
1006,0,3,4,2,4,5,3,6,4,5,2,82.02,0.33,-1
1007,0,3,2,2,4,5,2,6,4,4,2,62.38,0.33,-1
1008,0,3,3,2,4,4,4,4,3,4,2,58,0.33,0
1009,0,3,2,2,4,5,7,2,5,5,2,64.54,0.33,-1
1010,0,3,3,2,4,4,4,4,3,3,2,56.3,0.33,0
1011,0,3,3,2,4,5,4,6,5,6,2,82.8,0.33,-1
1012,0,3,1,2,4,4,4,5,4,4,2,51.59,0.33,0
1013,0,3,2,2,4,4,5,5,4,4,2,60.4,0.33,-1
1014,0,3,2,2,4,5,6,3,4,4,2,58.64,0.33,0
1015,0,3,2,2,4,6,5,5,5,5,2,72.24,0.33,-1
1016,0,3,5,2,4,5,3,5,4,4,2,85.17,0.33,-1
1017,0,3,2,2,4,6,4,7,6,6,2,83.64,0.33,-1
1018,0,3,3,2,4,4,4,4,4,3,2,63,0.33,-1
1019,1,3,3,2,4,6,4,5,5,5,2,77.72,0.33,-1
1020,1,3,1,2,4,4,5,4,4,4,2,47.72,0.33,0
1021,1,3,2,2,4,6,6,4,6,5,2,73.26,0.33,-1
1022,1,3,2,2,4,4,5,4,4,4,2,55.44,0.33,0
1023,1,3,2,2,4,4,5,4,3,5,2,51.24,0.33,0
1024,1,3,1,2,4,5,5,4,4,4,2,49.52,0.33,0
1025,1,3,3,2,4,5,6,4,4,6,2,69.8,0.33,-1
1026,1,3,2,2,4,5,3,6,4,4,2,60.48,0.33,-1
1027,1,3,2,2,4,5,6,5,5,5,2,67.81,0.33,-1
1028,1,3,3,2,4,6,5,4,5,4,2,74.4,0.33,-1
1029,1,3,2,2,4,5,4,6,5,5,2,68.44,0.33,-1
1030,1,3,1,2,4,5,2,6,5,4,2,56.2,0.33,0
1031,1,3,2,2,4,4,2,5,3,3,2,48.11,0.33,0
1032,1,3,4,2,4,4,4,4,3,3,2,60.76,0.33,-1
1033,1,3,1,2,4,5,6,4,5,5,2,56.4,0.33,0
1034,1,3,2,2,4,5,4,6,5,4,2,66.98,0.33,-1
1035,1,3,2,2,4,5,5,4,4,3,2,56.08,0.33,0
1036,1,3,3,2,4,5,4,5,5,3,2,72.04,0.33,-1
1037,1,3,2,2,4,5,6,4,5,5,2,65.5,0.33,-1
1038,1,3,2,2,4,5,4,5,5,4,2,64.67,0.33,-1
1039,1,3,2,2,4,5,5,5,5,4,2,65.51,0.33,-1
1040,1,3,1,2,4,4,4,4,4,4,2,47,0.33,0
1041,1,3,1,2,4,5,5,5,5,6,2,58.94,0.33,0
1042,1,3,3,2,4,5,4,6,4,5,2,71.52,0.33,-1
1043,0,1,4,2,4,5,4,5,4,4,2,67.14,0.33,-1
1044,0,1,3,2,4,6,5,5,6,5,2,74.63,0.33,-1
1045,0,1,4,2,4,5,6,3,4,3,2,62.14,0.33,-1
1046,0,1,1,2,4,6,5,5,5,5,2,49.75,0.33,0
1047,0,1,2,2,4,5,5,5,5,5,2,57.56,0.33,0
1048,0,1,4,2,4,5,1,7,5,4,2,75.98,0.33,-1
1049,0,1,4,2,4,6,5,6,6,5,2,87.66,0.33,-1
1050,0,1,4,2,4,5,3,6,4,4,2,68.82,0.33,-1
1051,0,1,2,2,4,5,2,6,5,4,2,56.1,0.33,0
1052,0,1,2,2,4,6,3,6,5,5,2,59.9,0.33,0
1053,0,1,3,2,4,6,6,5,5,6,2,71.27,0.33,-1
1054,0,1,1,2,4,5,5,5,3,4,2,38.95,0.33,0
1055,0,1,1,2,4,5,4,6,5,5,2,49.3,0.33,0
1056,0,1,2,2,4,6,4,6,5,4,2,59.34,0.33,0
1057,0,1,2,2,4,4,5,5,4,4,2,49.6,0.33,0
1058,0,1,4,2,4,6,5,6,5,5,2,81.22,0.33,-1
1059,0,1,2,2,4,5,1,6,3,3,2,44.34,0.33,0
1060,0,1,3,2,4,6,7,4,5,5,2,68.34,0.33,-1
1061,0,1,3,2,4,4,6,3,4,4,2,53.87,0.33,0
1062,0,1,1,2,4,5,4,5,4,4,2,42.45,0.33,0
1063,0,1,2,2,4,4,4,6,4,6,2,53.42,0.33,0
1064,0,1,3,2,4,6,3,7,6,5,2,77.57,0.33,-1
1065,0,1,2,2,4,5,2,7,4,3,2,51.92,0.33,0
1066,0,1,2,2,4,6,3,6,5,4,2,58.62,0.33,0
1067,0,1,3,2,4,6,4,6,5,5,2,70.44,0.33,-1
1068,0,1,3,2,4,5,5,5,4,5,2,61.21,0.33,-1
1069,0,1,4,2,4,5,6,4,5,5,2,74.5,0.33,-1
1070,0,1,2,2,4,5,1,6,4,3,2,49.22,0.33,0
1071,0,1,3,2,4,5,6,4,5,5,2,65.4,0.33,-1
1072,0,1,2,2,4,4,4,3,3,2,2,37.48,0.33,0
1073,0,1,3,2,4,5,5,5,5,6,2,68.33,0.33,-1
1074,0,1,2,2,4,5,4,5,5,4,2,55.56,0.33,0
1075,0,1,2,2,4,5,1,5,4,2,2,45.96,0.33,0
1076,0,1,2,2,4,3,3,4,3,3,2,38.22,0.33,0
1077,1,1,2,2,4,5,4,6,5,6,2,56.9,0.33,0
1078,1,1,3,2,4,5,4,5,4,5,2,57.6,0.33,0
1079,1,1,3,2,4,7,4,7,6,6,2,78.2,0.33,-1
1080,1,1,2,2,4,4,7,2,4,5,2,43.92,0.33,0
1081,1,1,1,2,4,7,5,6,6,6,2,54.4,0.33,0
1082,1,1,2,2,4,4,1,6,4,3,2,44.88,0.33,0
1083,1,1,2,2,4,5,3,6,5,4,2,53.78,0.33,0
1084,1,1,2,2,4,6,5,6,6,5,2,62.68,0.33,-1
1085,1,1,1,2,4,5,5,5,4,5,2,41.34,0.33,0
1086,1,1,3,2,4,5,6,4,4,5,2,57,0.33,0
1087,1,1,3,2,4,5,5,5,5,5,2,63.8,0.33,-1
1088,1,1,3,2,4,6,1,7,5,4,2,65.6,0.33,-1
1089,1,1,3,2,4,5,3,6,5,5,2,64.4,0.33,-1
1090,1,1,2,2,4,5,3,6,5,3,2,52.56,0.33,0
1091,1,1,2,2,4,5,4,5,5,4,2,52.59,0.33,0
1092,1,1,2,2,4,5,1,6,4,4,2,47.8,0.33,0
1093,1,1,2,2,4,4,5,4,4,4,2,45.08,0.33,0
1094,1,1,3,2,4,4,1,6,3,2,2,45.8,0.33,0
1095,0,1,2,2,4,4,6,3,3,3,2,40.2,0.33,0
1096,0,1,1,2,4,5,2,6,3,3,2,37.7,0.33,0
1097,0,1,2,2,4,5,3,6,5,4,2,56.82,0.33,0
1098,0,1,2,2,4,5,2,6,5,4,2,56.1,0.33,0
1099,0,1,3,2,4,6,4,7,6,6,2,79.87,0.33,-1
1100,0,1,1,2,4,6,3,7,6,6,2,57.05,0.33,0
1101,0,1,3,2,4,6,6,5,6,5,2,75.47,0.33,-1
1102,0,1,3,2,4,5,5,4,5,4,2,63.1,0.33,-1
1103,0,1,2,2,4,5,3,5,4,4,2,49.96,0.33,0
1104,0,1,3,2,4,6,4,6,6,4,2,74.64,0.33,-1
1105,0,2,1,2,4,5,4,5,4,4,2,47.97,0.33,0
1106,0,2,2,2,4,3,3,4,3,3,2,42.4,0.33,0
1107,0,2,1,2,4,6,3,7,6,5,2,63.19,0.33,-1
1108,0,2,1,2,4,5,5,5,5,5,2,54.49,0.33,0
1109,0,2,2,2,4,6,5,6,5,6,2,69.4,0.33,-1
1110,0,2,3,2,4,6,3,6,5,4,2,74.52,0.33,-1
1111,0,2,3,2,4,5,2,6,4,3,2,63.54,0.33,-1
1112,0,2,2,2,4,5,3,5,5,3,2,59.4,0.33,0
1113,0,2,2,2,4,4,2,5,3,3,2,45.8,0.33,0
1114,0,2,3,2,4,4,6,4,4,5,2,63.02,0.33,-1
1115,0,2,2,2,4,5,5,5,4,5,2,58.4,0.33,0
1116,0,2,4,2,4,5,6,4,5,5,2,80.6,0.33,-1
1117,0,2,4,2,4,4,4,4,4,3,2,65.44,0.33,-1
1118,0,2,3,2,4,5,5,4,5,4,2,69,0.33,-1
1119,0,2,1,2,4,5,7,4,5,6,2,55.2,0.33,0
1120,0,2,2,2,4,5,4,5,4,4,2,56.2,0.33,0
1121,0,2,2,2,4,5,5,5,5,5,2,63.8,0.33,-1
1122,0,2,2,2,4,6,4,7,6,6,2,76.2,0.33,-1
1123,0,2,3,2,4,5,3,5,4,3,2,61.93,0.33,-1
1124,0,2,2,2,4,5,5,5,5,6,2,65.2,0.33,-1
1125,0,2,4,2,4,5,3,6,4,4,2,74.48,0.33,-1
1126,0,2,1,2,4,5,3,5,4,4,2,47.29,0.33,0
1127,0,2,2,2,4,6,4,5,5,5,2,65,0.33,-1
1128,0,2,3,2,4,6,6,5,5,5,2,76.33,0.33,-1
1129,0,2,2,2,4,3,2,4,2,2,2,34.8,0.33,0
1130,0,2,2,2,4,5,3,7,6,6,2,73.4,0.33,-1
1131,0,2,1,2,4,5,7,4,5,6,2,55.2,0.33,0
1132,0,2,3,2,4,5,5,4,4,3,2,61.24,0.33,-1
1133,0,2,4,2,4,5,5,5,5,5,2,82.42,0.33,-1
1134,0,2,3,2,4,5,1,6,4,3,2,62.62,0.33,-1
1135,0,2,2,2,4,6,5,6,6,5,2,73.4,0.33,-1
1136,0,2,1,2,4,4,2,6,4,4,2,46.78,0.33,0
1137,0,2,2,2,4,4,4,5,4,4,2,54.2,0.33,0
1138,0,2,2,2,4,5,4,4,4,4,2,54,0.33,0
1139,0,2,3,2,4,5,5,5,5,4,2,71.53,0.33,-1
1140,1,2,3,2,4,5,1,6,5,3,2,65.9,0.33,-1
1141,1,2,3,2,4,5,4,6,5,5,2,71.58,0.33,-1
1142,1,2,2,2,4,6,6,5,6,5,2,68.53,0.33,-1
1143,1,2,2,2,4,5,7,3,4,6,2,54.27,0.33,0
1144,1,2,4,2,4,6,3,6,5,4,2,80.9,0.33,-1
1145,1,2,2,2,4,6,4,6,6,5,2,69.1,0.33,-1
1146,1,2,2,2,4,5,4,6,5,6,2,63.4,0.33,-1
1147,1,2,3,2,4,5,3,5,4,4,2,60.84,0.33,-1
1148,1,2,3,2,4,5,4,5,5,4,2,67.64,0.33,-1
1149,1,2,2,2,4,4,2,5,3,3,2,43.59,0.33,0
1150,1,2,2,2,4,6,4,6,5,5,2,63.96,0.33,-1
1151,1,2,3,2,4,6,5,6,5,6,2,76.18,0.33,-1
1152,1,2,1,2,4,6,6,5,5,6,2,54.82,0.33,0
1153,1,2,4,2,4,5,5,4,4,3,2,66.5,0.33,-1
1154,1,2,2,2,4,5,5,5,5,6,2,62.07,0.33,-1
1155,1,2,2,2,4,6,6,5,6,6,2,69.87,0.33,-1
1156,1,2,2,2,4,4,6,4,4,4,2,51.02,0.33,0
1157,1,2,2,2,4,5,4,5,4,4,2,53.49,0.33,0
1158,1,2,2,2,4,4,4,4,3,3,2,43.02,0.33,0
1159,1,2,4,2,4,6,3,7,6,4,2,90.35,0.33,-1
1160,1,2,2,2,4,5,3,5,4,3,2,51.39,0.33,0
1161,1,2,1,2,4,4,2,6,3,3,2,38.62,0.33,0
1162,1,2,2,2,4,5,5,4,5,4,2,57.3,0.33,0
1163,1,2,2,2,4,6,4,7,5,5,2,66.05,0.33,-1
1164,1,2,3,2,4,6,5,6,5,5,2,74.66,0.33,-1
1165,1,2,4,2,4,2,6,3,2,3,2,43.85,0.33,0
1166,1,2,2,2,4,5,2,6,4,4,2,54.06,0.33,0
1167,1,2,3,2,4,5,4,5,5,5,2,69.16,0.33,-1
1168,1,2,2,2,4,5,3,5,4,4,2,52.73,0.33,0
1169,1,2,1,2,4,5,2,6,4,4,2,45.74,0.33,0
1170,1,2,2,2,4,6,5,5,6,5,2,67.77,0.33,-1
1171,1,2,2,2,4,3,3,3,2,1,2,30.45,0.33,0
1172,1,2,2,2,4,3,6,3,4,5,2,48.37,0.33,0
1173,1,1,4,2,4,5,3,6,5,4,2,72.22,0.33,-1
1174,1,1,3,2,4,6,5,5,5,4,2,64.4,0.33,-1
1175,1,1,1,2,4,3,4,4,3,3,2,30.52,0.33,0
1176,1,1,2,2,4,6,3,6,5,4,2,55.48,0.33,0
1177,1,1,2,2,4,5,4,5,5,4,2,52.59,0.33,0
1178,1,1,3,2,4,6,6,6,6,6,2,75.6,0.33,-1
1179,1,1,3,2,4,5,4,5,4,5,2,57.6,0.33,0
1180,1,1,2,2,4,6,5,5,5,4,2,54.97,0.33,0
1181,1,1,3,2,4,5,3,5,4,3,2,54,0.33,0
1182,1,1,3,2,4,5,5,4,5,4,2,60.2,0.33,-1
1183,1,1,2,2,4,4,1,6,3,3,2,40.26,0.33,0
1184,1,1,2,2,4,4,6,4,4,5,2,46.98,0.33,0
1185,1,1,4,2,4,3,5,4,4,5,2,59.8,0.33,0
1186,0,3,4,2,4,5,5,5,5,6,1,92.57,0.33,-1
1187,0,3,2,2,4,6,4,5,6,4,1,78.09,0.33,-1
1188,0,3,2,2,4,6,6,4,5,5,1,72.8,0.33,-1
1189,0,3,3,2,4,5,6,3,5,4,1,75.08,0.33,-1
1190,0,3,2,2,4,6,3,6,5,4,1,73.62,0.33,-1
1191,0,3,3,2,4,5,2,6,4,3,1,70.98,0.33,-1
1192,0,3,1,2,4,5,3,4,4,3,1,51.1,0.33,0
1193,0,3,3,2,4,5,3,6,5,5,1,82.2,0.33,-1
1194,0,3,2,2,4,5,2,7,5,5,1,74.41,0.33,-1
1195,0,3,1,2,4,5,5,5,5,5,1,62.8,0.33,-1
1196,0,3,3,2,4,6,3,7,6,5,1,94.52,0.33,-1
1197,0,3,3,2,4,5,6,5,5,5,1,82.46,0.33,-1
1198,0,3,2,2,4,5,5,6,5,7,1,77.6,0.33,-1
1199,0,3,2,2,4,5,4,6,5,5,1,73.72,0.33,-1
1200,0,3,3,2,4,6,7,4,5,6,1,84.9,0.33,-1
1201,0,3,2,2,4,5,5,4,4,3,1,60.54,0.33,-1
1202,0,3,3,2,4,6,2,7,5,4,1,84.96,0.33,-1
1203,0,3,1,2,4,4,3,5,3,4,1,47.3,0.33,0
1204,0,3,2,2,4,5,4,6,5,6,1,75.2,0.33,-1
1205,0,3,1,2,4,4,4,5,4,5,1,54.7,0.33,0
1206,0,3,4,2,4,6,5,7,6,6,1,109.49,0.33,-1
1207,0,3,2,2,4,5,5,6,5,5,1,74.64,0.33,-1
1208,0,3,1,2,4,5,2,6,4,4,1,56,0.33,0
1209,0,3,3,2,4,5,3,6,5,4,1,80.54,0.33,-1
1210,0,3,2,2,4,5,5,5,5,5,1,72.11,0.33,-1
1211,0,3,1,2,4,5,2,6,4,4,1,56,0.33,0
1212,0,3,2,2,4,5,4,5,4,5,1,65.11,0.33,-1
1213,0,3,3,2,4,6,6,5,5,6,1,86.72,0.33,-1
1214,0,3,2,2,4,5,3,7,5,4,1,73.85,0.33,-1
1215,0,3,2,2,4,6,5,5,6,5,1,80.49,0.33,-1
1216,0,3,3,2,4,5,6,4,5,4,1,77.94,0.33,-1
1217,0,3,2,2,4,5,5,4,5,4,1,68.1,0.33,-1
1218,0,3,1,2,4,6,5,6,5,5,1,67,0.33,-1
1219,0,3,2,2,4,6,6,5,6,5,1,81.41,0.33,-1
1220,0,3,4,2,4,6,4,6,5,5,1,95.66,0.33,-1
1221,0,3,2,2,4,5,2,5,4,3,1,60.31,0.33,-1
1222,0,3,3,2,4,6,3,7,6,5,1,94.52,0.33,-1
1223,0,3,2,2,4,6,6,6,6,7,1,86.9,0.33,-1
1224,0,3,2,2,4,5,5,6,5,6,1,76.12,0.33,-1
1225,1,3,3,2,4,5,4,6,5,5,1,80.1,0.33,-1
1226,1,3,3,2,4,6,3,6,6,4,1,86.6,0.33,-1
1227,1,3,2,2,4,6,4,6,6,4,1,77.18,0.33,-1
1228,1,3,2,2,4,6,2,7,5,4,1,72.02,0.33,-1
1229,1,3,2,2,4,4,6,3,3,4,1,49.82,0.33,0
1230,1,3,2,2,4,5,5,5,4,5,1,63.22,0.33,-1
1231,1,3,1,2,4,5,5,6,4,5,1,56.78,0.33,0
1232,1,3,2,2,4,5,3,5,4,3,1,58.62,0.33,0
1233,1,3,3,2,4,6,5,5,5,4,1,79.25,0.33,-1
1234,1,3,3,2,4,5,5,5,4,4,1,70.15,0.33,-1
1235,1,3,3,2,4,6,5,5,5,5,1,80.85,0.33,-1
1236,1,3,2,2,4,5,5,5,4,5,1,63.22,0.33,-1
1237,1,3,3,2,4,5,5,5,5,5,1,78.35,0.33,-1
1238,1,3,2,2,4,3,7,2,4,4,1,51.9,0.33,0
1239,1,3,4,2,4,6,5,6,5,5,1,93.54,0.33,-1
1240,1,3,1,2,4,4,4,4,4,3,1,47.46,0.33,0
1241,1,3,2,2,4,5,3,5,4,3,1,58.62,0.33,0
1242,1,3,2,2,4,6,5,6,5,6,1,75.08,0.33,-1
1243,1,3,3,2,4,5,5,5,4,4,1,70.15,0.33,-1
1244,1,3,3,2,4,5,3,6,5,4,1,77.5,0.33,-1
1245,1,3,2,2,4,4,5,4,4,5,1,58.6,0.33,0
1246,1,3,3,2,4,5,4,4,4,4,1,66.4,0.33,-1
1247,1,3,3,2,4,4,2,5,3,4,1,58.05,0.33,0
1248,1,3,2,2,4,7,4,7,6,5,1,83.22,0.33,-1
1249,1,3,3,2,4,6,6,5,5,6,1,83.45,0.33,-1
1250,1,3,4,2,4,5,2,5,5,2,1,78.96,0.33,-1
1251,1,3,1,2,4,5,5,5,4,5,1,54.69,0.33,0
1252,1,3,3,2,4,3,2,5,3,3,1,53.95,0.33,0
1253,1,3,3,2,4,5,6,4,4,5,1,70,0.33,-1
1254,1,3,3,2,4,5,4,5,4,4,1,69.15,0.33,-1
1255,1,3,2,2,4,5,6,4,5,5,1,67.5,0.33,-1
1256,1,3,2,2,4,6,6,4,5,5,1,69.7,0.33,-1
1257,1,3,2,2,4,4,7,3,4,5,1,57.94,0.33,0
1258,1,3,4,2,4,6,3,7,5,5,1,94.38,0.33,-1
1259,1,3,1,2,4,6,6,5,5,5,1,62.39,0.33,-1
1260,1,3,3,2,4,5,6,4,5,5,1,76.6,0.33,-1
1261,1,3,2,2,4,5,5,5,5,4,1,67.62,0.33,-1
1262,1,3,2,2,4,4,3,5,4,3,1,56.42,0.33,0
1263,0,1,3,2,4,6,4,6,5,5,1,72.68,0.33,-1
1264,0,1,2,2,4,5,5,5,5,5,1,59.63,0.33,0
1265,0,1,2,2,4,6,4,6,5,4,1,61.62,0.33,-1
1266,0,1,2,2,4,4,4,5,4,4,1,50.69,0.33,0
1267,0,1,3,2,4,5,4,5,4,4,1,60.82,0.33,-1
1268,0,1,3,2,4,3,4,4,3,4,1,48.18,0.33,0
1269,0,1,2,2,4,4,4,5,4,4,1,50.69,0.33,0
1270,0,1,2,2,4,5,4,6,6,6,1,67.24,0.33,-1
1271,0,1,2,2,4,6,5,5,5,5,1,61.53,0.33,-1
1272,0,1,3,2,4,6,6,5,6,6,1,79.26,0.33,-1
1273,0,1,2,2,4,6,3,7,5,4,1,62.95,0.33,-1
1274,0,1,3,2,4,5,1,7,4,4,1,63.02,0.33,-1
1275,0,1,1,2,4,6,6,6,6,6,1,59.64,0.33,0
1276,0,1,3,2,4,5,4,5,4,5,1,62.24,0.33,-1
1277,0,1,1,2,4,4,3,5,3,3,1,36.8,0.33,0
1278,0,1,4,2,4,6,5,6,6,6,1,91.7,0.33,-1
1279,0,1,3,2,4,5,4,4,4,3,1,56.98,0.33,0
1280,0,1,2,2,4,6,3,7,6,6,1,70.47,0.33,-1
1281,0,1,2,2,4,5,3,7,5,5,1,62.29,0.33,-1
1282,0,1,2,2,4,3,5,3,3,4,1,40.33,0.33,0
1283,0,1,2,2,4,6,4,6,5,5,1,62.86,0.33,-1
1284,0,1,2,2,4,6,3,7,5,5,1,64.19,0.33,-1
1285,0,1,2,2,4,6,4,7,6,6,1,71.23,0.33,-1
1286,0,1,2,2,4,6,5,5,5,4,1,60.29,0.33,-1
1287,0,1,1,2,4,3,2,4,2,2,1,27.48,0.33,0
1288,0,1,1,2,4,5,5,5,4,5,1,46.06,0.33,0
1289,0,1,2,2,4,4,5,4,4,4,1,49.36,0.33,0
1290,0,1,2,2,4,5,2,7,5,5,1,61.53,0.33,-1
1291,0,1,3,2,4,4,6,4,4,4,1,57.96,0.33,0
1292,0,1,2,2,4,4,3,5,4,3,1,48.69,0.33,0
1293,0,1,3,2,4,4,5,4,4,5,1,58.5,0.33,0
1294,0,1,2,2,4,5,6,4,4,5,1,53.26,0.33,0
1295,0,1,2,2,4,5,5,4,4,4,1,51.26,0.33,0
1296,0,1,3,2,4,5,6,4,4,4,1,60.16,0.33,-1
1297,0,1,2,2,4,4,3,4,4,3,1,46.6,0.33,0
1298,0,1,3,2,4,5,4,5,5,5,1,68.06,0.33,-1
1299,0,1,2,2,4,6,2,7,5,4,1,62.19,0.33,-1
1300,0,1,3,2,4,5,6,5,4,5,1,64,0.33,-1
1301,0,1,3,2,4,6,4,7,6,5,1,80.92,0.33,-1
1302,0,1,4,2,4,6,2,7,5,5,1,83.25,0.33,-1
1303,0,1,3,2,4,6,5,5,6,5,1,76.96,0.33,-1
1304,0,1,2,2,4,5,5,5,5,5,1,59.63,0.33,0
1305,0,1,3,2,4,6,2,5,5,3,1,65.66,0.33,-1
1306,0,1,2,2,4,4,3,5,4,3,1,48.69,0.33,0
1307,0,1,3,2,4,5,3,6,4,4,1,62.36,0.33,-1
1308,0,1,2,2,4,4,4,5,4,4,1,50.69,0.33,0
1309,0,1,3,2,4,4,5,4,4,4,1,57.08,0.33,0
1310,0,1,2,2,4,4,5,2,3,2,1,37.66,0.33,0
1311,0,1,2,2,4,6,4,7,5,6,1,66.19,0.33,-1
1312,0,1,4,2,4,3,2,5,3,3,1,53.85,0.33,0
1313,0,1,2,2,4,5,5,6,5,6,1,62.96,0.33,-1
1314,0,1,1,2,4,5,5,5,5,4,1,49.26,0.33,0
1315,0,1,4,2,4,4,4,4,4,4,1,63.8,0.33,-1
1316,0,1,2,2,4,5,5,5,5,5,1,59.63,0.33,0
1317,0,1,1,2,4,6,3,7,6,5,1,58.42,0.33,0
1318,0,1,3,2,4,6,3,6,5,4,1,70.38,0.33,-1
1319,0,1,2,2,4,6,5,6,6,5,1,68.66,0.33,-1
1320,0,1,2,2,4,5,3,6,4,5,1,55.16,0.33,0
1321,0,1,3,2,4,4,5,4,4,5,1,58.5,0.33,0
1322,0,1,2,2,4,6,3,6,6,4,1,65.9,0.33,-1
1323,0,1,3,2,4,6,6,5,5,5,1,72.02,0.33,-1
1324,0,1,1,2,4,4,2,6,4,3,1,42.18,0.33,0
1325,0,1,4,2,4,6,7,4,5,6,1,81.6,0.33,-1
1326,0,1,2,2,4,5,5,5,5,5,1,59.63,0.33,0
1327,0,1,1,2,4,6,4,6,5,4,1,51.98,0.33,0
1328,0,2,3,2,4,4,5,2,3,3,1,49.1,0.33,0
1329,0,2,2,2,4,5,6,4,5,4,1,63.04,0.33,-1
1330,0,2,2,2,4,6,3,6,5,5,1,68.6,0.33,-1
1331,0,2,3,2,4,5,2,7,5,4,1,76.04,0.33,-1
1332,0,2,4,2,4,5,5,5,5,5,1,84.49,0.33,-1
1333,0,2,4,2,4,3,4,4,3,4,1,59.08,0.33,0
1334,0,2,4,2,4,5,4,5,5,5,1,83.41,0.33,-1
1335,0,2,3,2,4,5,5,5,5,5,1,75.18,0.33,-1
1336,0,2,4,2,4,5,6,5,5,6,1,87.29,0.33,-1
1337,0,2,3,2,4,5,5,5,5,6,1,76.72,0.33,-1
1338,0,2,2,2,4,6,4,6,5,4,1,68.08,0.33,-1
1339,0,2,1,2,4,5,3,5,4,3,1,47.98,0.33,0
1340,0,2,3,2,4,6,5,6,5,5,1,80.22,0.33,-1
1341,0,2,2,2,4,5,5,4,4,5,1,58,0.33,0
1342,0,2,4,2,4,4,3,5,4,4,1,70.79,0.33,-1
1343,0,2,3,2,4,4,4,3,3,3,1,50.78,0.33,0
1344,0,2,3,2,4,6,4,7,6,6,1,89.78,0.33,-1
1345,0,2,2,2,4,5,4,5,4,4,1,58.11,0.33,0
1346,1,2,2,2,4,6,5,5,5,5,1,64.8,0.33,-1
1347,1,2,2,2,4,6,5,6,5,4,1,65.7,0.33,-1
1348,1,2,3,2,4,6,7,4,6,7,1,82.76,0.33,-1
1349,1,2,3,2,4,5,6,4,5,5,1,70.5,0.33,-1
1350,1,2,1,2,4,5,3,6,5,4,1,52.88,0.33,0
1351,1,2,1,2,4,6,6,4,5,6,1,55.12,0.33,0
1352,1,2,2,2,4,6,6,5,5,6,1,66.9,0.33,-1
1353,1,2,4,2,4,5,6,4,4,5,1,72.74,0.33,-1
1354,1,2,2,2,4,6,5,5,5,5,1,64.8,0.33,-1
1355,1,2,4,2,4,5,1,6,4,3,1,69.94,0.33,-1
1356,1,2,3,2,4,5,6,5,5,5,1,73.03,0.33,-1
1357,1,2,2,2,4,6,6,5,6,5,1,70.9,0.33,-1
1358,1,2,2,2,4,5,5,5,4,4,1,56.2,0.33,0
1359,1,2,2,2,4,5,5,4,4,5,1,55.3,0.33,0
1360,1,2,3,2,4,5,4,4,5,4,1,67.18,0.33,-1
1361,1,2,3,2,4,6,3,7,5,5,1,77.63,0.33,-1
1362,1,2,3,2,4,4,6,5,4,5,1,64.65,0.33,-1
1363,1,2,1,2,4,6,4,7,7,6,1,68.41,0.33,-1
1364,1,2,1,2,4,6,5,7,6,7,1,65.69,0.33,-1
1365,1,2,2,2,4,5,6,5,6,6,1,70.2,0.33,-1
1366,1,2,2,2,4,6,3,7,6,4,1,71.6,0.33,-1
1367,1,2,2,2,4,4,4,3,3,3,1,42.4,0.33,0
1368,1,2,2,2,4,6,4,7,6,6,1,75,0.33,-1
1369,1,2,4,2,4,5,5,5,5,5,1,81.42,0.33,-1
1370,1,2,3,2,4,6,6,5,6,6,1,82.89,0.33,-1
1371,1,2,4,2,4,4,4,5,4,4,1,69.26,0.33,-1
1372,1,2,4,2,4,5,3,5,4,4,1,70.82,0.33,-1
1373,1,2,3,2,4,5,3,4,4,3,1,58.7,0.33,0
1374,1,2,2,2,4,5,2,6,5,5,1,62.6,0.33,-1
1375,1,2,2,2,4,4,5,4,4,3,1,50.7,0.33,0
1376,1,2,3,2,4,5,5,5,5,5,1,72.11,0.33,-1
1377,1,1,2,2,4,4,3,5,3,3,1,41.4,0.33,0
1378,1,1,3,2,4,3,2,5,2,3,1,39.75,0.33,0
1379,1,1,1,2,4,4,6,4,5,5,1,44.7,0.33,0
1380,1,1,2,2,4,3,2,4,3,2,1,35.72,0.33,0
1381,1,1,3,2,4,5,4,5,5,4,1,63.67,0.33,-1
1382,1,1,2,2,4,5,4,6,4,6,1,54.22,0.33,0
1383,1,1,2,2,4,6,4,6,5,4,1,58.44,0.33,0
1384,1,1,2,2,4,5,4,5,4,5,1,51.06,0.33,0
1385,1,1,4,2,4,6,5,5,6,5,1,83.92,0.33,-1
1386,1,1,2,2,4,6,1,7,5,4,1,58.26,0.33,0
1387,1,1,3,2,4,6,5,7,6,7,1,80.87,0.33,-1
1388,1,1,2,2,4,5,4,5,4,5,1,51.06,0.33,0
1389,1,1,4,2,4,5,5,5,5,5,1,75.18,0.33,-1
1390,1,1,3,2,4,5,5,5,5,4,1,64.51,0.33,-1
1391,1,1,3,2,4,5,3,6,5,3,1,63.78,0.33,-1
1392,1,1,3,2,4,5,4,4,4,4,1,55.8,0.33,0
1393,1,1,3,2,4,6,5,5,5,6,1,69.33,0.33,-1
1394,1,1,2,2,4,6,2,7,5,4,1,58.98,0.33,0
1395,1,1,1,2,4,4,4,4,4,3,1,37.5,0.33,0
1396,1,1,2,2,4,5,4,5,4,4,1,49.88,0.33,0
1397,1,1,5,2,4,7,4,7,6,5,1,101.87,0.33,-1
1398,1,1,2,2,4,4,1,6,3,3,1,41.94,0.33,0
1399,1,1,2,2,4,5,4,5,4,5,1,51.06,0.33,0
1400,1,1,2,2,4,7,6,7,6,7,1,71.98,0.33,-1
1401,1,1,3,2,4,4,4,4,3,4,1,48.14,0.33,0
1402,1,1,3,2,4,5,3,5,5,3,1,61.47,0.33,-1
1403,1,1,2,2,4,4,5,3,3,3,1,38.88,0.33,0
1404,0,3,4,3,4,5,3,6,4,4,3,77.89,0.33,-1
1405,0,3,1,3,4,5,5,5,4,5,3,53.5,0.33,0
1406,0,3,3,3,4,4,6,3,4,4,3,62.04,0.33,-1
1407,0,3,2,3,4,6,6,6,6,6,3,80.33,0.33,-1
1408,1,3,3,3,4,4,4,5,4,4,3,62.8,0.33,-1
1409,1,1,2,3,4,4,6,4,4,4,3,43.82,0.33,0
1410,1,1,2,3,4,6,3,5,5,3,3,50.06,0.33,0
1411,1,1,4,3,4,5,4,4,4,3,3,58.26,0.33,0
1412,1,1,2,3,4,6,3,6,5,5,3,54.34,0.33,0
1413,1,1,4,3,4,5,6,4,5,5,3,69.28,0.33,-1
1414,1,1,2,3,4,5,4,3,4,3,3,41.12,0.33,0
1415,0,1,1,3,4,4,3,5,4,3,3,37.3,0.33,0
1416,0,1,4,3,4,5,5,5,4,4,3,65.92,0.33,-1
1417,0,2,4,3,4,4,4,4,3,3,3,56.65,0.33,0
1418,0,2,2,3,4,6,2,6,5,4,3,61.81,0.33,-1
1419,1,2,2,3,4,5,1,7,4,4,3,53.2,0.33,0
1420,1,2,2,3,4,6,6,6,7,6,3,74.32,0.33,-1
1421,0,1,1,3,4,4,3,5,3,3,3,33.36,0.33,0
1422,0,1,2,3,4,4,6,3,3,4,3,39.8,0.33,0
1423,0,1,4,3,4,6,4,6,5,5,3,77.79,0.33,-1
1424,0,3,2,3,4,3,2,5,3,2,2,46.38,0.33,0
1425,1,3,2,3,4,5,1,6,4,3,2,57.13,0.33,0
1426,1,3,1,3,4,5,4,5,4,4,2,50.6,0.33,0
1427,1,3,2,3,4,6,5,5,5,5,2,68.86,0.33,-1
1428,1,3,2,3,4,5,4,4,5,3,2,60.69,0.33,-1
1429,0,1,4,3,4,3,5,3,3,4,2,51.34,0.33,0
1430,0,1,2,3,4,5,6,4,5,4,2,54.84,0.33,0
1431,0,1,3,3,4,4,2,4,4,2,2,49.69,0.33,0
1432,0,2,3,3,4,5,3,5,4,3,2,61.7,0.33,-1
1433,0,2,4,3,4,6,3,6,5,4,2,83.78,0.33,-1
1434,0,2,2,3,4,6,3,7,6,4,2,72.4,0.33,-1
1435,1,2,3,3,4,4,3,4,4,3,2,54.48,0.33,0
1436,1,2,1,3,4,5,5,5,4,5,2,46.9,0.33,0
1437,0,3,1,3,4,5,5,5,4,4,1,56,0.33,0
1438,0,3,3,3,4,6,3,5,5,3,1,78.36,0.33,-1
1439,0,3,3,3,4,5,5,5,4,5,1,74.3,0.33,-1
1440,0,3,2,3,4,6,5,5,5,5,1,74.18,0.33,-1
1441,1,3,2,3,4,5,5,5,5,5,1,68.82,0.33,-1
1442,1,3,2,3,4,4,6,3,4,5,1,56.84,0.33,0
1443,1,3,2,3,4,5,4,5,4,4,1,60.7,0.33,-1
1444,1,3,2,3,4,5,5,5,5,4,1,67.4,0.33,-1
1445,1,3,2,3,4,3,5,4,3,4,1,48.94,0.33,0
1446,1,3,3,3,4,5,2,6,5,4,1,76.25,0.33,-1
1447,1,3,2,3,4,6,4,6,6,5,1,78.38,0.33,-1
1448,0,1,2,3,4,4,5,4,4,4,1,49.17,0.33,0
1449,0,1,3,3,4,5,4,5,4,5,1,62.02,0.33,-1
1450,0,1,2,3,4,5,5,5,4,5,1,54.4,0.33,0
1451,0,1,3,3,4,6,4,7,6,6,1,82.12,0.33,-1
1452,0,2,1,3,4,5,3,6,5,4,1,55.74,0.33,0
1453,0,2,2,3,4,5,3,6,4,4,1,59.37,0.33,0
1454,0,2,3,3,4,4,4,5,4,4,1,63.7,0.33,-1
1455,1,2,3,3,4,5,5,6,5,5,1,74.41,0.33,-1
1456,1,2,2,3,4,5,4,4,4,4,1,53,0.33,0
1457,1,1,4,3,4,4,5,4,4,3,1,60.48,0.33,-1
1458,0,3,4,4,4,5,2,7,4,5,2,83.42,0.33,-1
1459,1,2,2,4,4,4,3,4,3,3,1,43.4,0.33,0
1460,0,3,2,1,5,7,7,5,7,5,3,86.84,0.33,-1
1461,0,3,3,1,5,5,5,5,5,4,3,77.22,0.33,-1
1462,0,3,3,1,5,7,4,7,7,5,3,101.16,0.33,-1
1463,0,3,3,1,5,6,3,6,6,3,3,85.14,0.33,-1
1464,0,3,3,1,5,7,5,7,7,7,3,105.6,0.33,-1
1465,0,3,3,1,5,7,2,7,7,5,3,99.24,0.33,-1
1466,0,3,2,1,5,6,5,5,6,5,3,77.3,0.33,-1
1467,0,3,3,1,5,7,4,7,7,5,3,101.16,0.33,-1
1468,1,1,2,1,5,6,5,6,6,4,3,60.1,0.33,-1
1469,1,1,3,1,5,6,5,6,6,4,3,70.85,0.33,-1
1470,1,1,2,1,5,7,5,7,7,6,3,70.44,0.33,-1
1471,0,1,3,1,5,7,7,5,7,6,3,84.3,0.33,-1
1472,0,1,4,1,5,6,2,7,6,5,3,86.6,0.33,-1
1473,0,1,2,1,5,6,5,6,6,5,3,64.97,0.33,-1
1474,1,1,3,1,5,7,4,7,7,7,3,83.64,0.33,-1
1475,1,1,2,1,5,7,5,7,7,5,3,69.18,0.33,-1
1476,1,1,3,1,5,7,7,5,7,6,3,80.3,0.33,-1
1477,1,1,2,1,5,7,7,6,7,6,3,69.96,0.33,-1
1478,1,1,4,1,5,6,6,5,5,5,3,75.66,0.33,-1
1479,1,1,2,1,5,6,7,4,6,5,3,59.12,0.33,0
1480,1,1,1,1,5,7,6,6,7,5,3,55.93,0.33,0
1481,1,1,3,1,5,5,5,5,5,5,3,63.06,0.33,-1
1482,1,1,2,1,5,6,2,7,6,3,3,58.68,0.33,0
1483,1,1,2,1,5,7,7,7,7,6,3,71.72,0.33,-1
1484,0,1,3,1,5,7,6,6,6,5,3,78.7,0.33,-1
1485,0,1,2,1,5,6,7,5,7,5,3,69.18,0.33,-1
1486,0,1,3,1,5,7,3,7,6,4,3,77,0.33,-1
1487,0,2,3,1,5,6,2,7,6,4,3,81.38,0.33,-1
1488,0,2,2,1,5,7,6,6,7,6,3,81.63,0.33,-1
1489,0,2,2,1,5,7,2,7,6,4,3,72.56,0.33,-1
1490,0,2,4,1,5,7,5,7,7,6,3,108,0.33,-1
1491,0,2,3,1,5,6,7,5,6,6,3,84.18,0.33,-1
1492,0,2,3,1,5,7,6,7,7,6,3,96.36,0.33,-1
1493,0,2,4,1,5,6,7,5,6,6,3,95.2,0.33,-1
1494,1,2,3,1,5,7,4,7,7,5,3,88.94,0.33,-1
1495,1,2,2,1,5,7,5,6,6,5,3,70.48,0.33,-1
1496,1,2,2,1,5,6,5,6,6,6,3,70.06,0.33,-1
1497,1,2,3,1,5,6,3,7,6,4,3,78.68,0.33,-1
1498,1,2,2,1,5,5,5,5,5,5,3,59.92,0.33,0
1499,1,2,2,1,5,7,4,7,7,5,3,76.72,0.33,-1
1500,1,2,2,1,5,7,6,6,7,5,3,76.18,0.33,-1
1501,0,1,2,1,5,7,6,6,6,5,3,67.35,0.33,-1
1502,0,3,2,1,5,5,4,5,4,3,2,61.74,0.33,-1
1503,0,3,3,1,5,7,6,7,7,6,2,107.7,0.33,-1
1504,0,3,3,1,5,7,6,7,7,6,2,107.7,0.33,-1
1505,1,3,4,1,5,7,3,7,7,5,2,111.1,0.33,-1
1506,1,3,1,1,5,7,5,6,7,5,2,74.26,0.33,-1
1507,1,3,3,1,5,7,5,6,6,5,2,91.84,0.33,-1
1508,1,3,4,1,5,7,5,6,7,4,2,108.47,0.33,-1
1509,1,3,3,1,5,6,3,7,6,4,2,88.52,0.33,-1
1510,0,1,2,1,5,5,3,6,5,4,2,58.08,0.33,0
1511,0,1,3,1,5,6,4,5,5,4,2,68.14,0.33,-1
1512,0,1,2,1,5,6,5,6,6,5,2,67.48,0.33,-1
1513,0,1,2,1,5,7,4,7,7,4,2,74.14,0.33,-1
1514,0,1,3,1,5,6,4,6,5,4,2,70.45,0.33,-1
1515,0,1,3,1,5,7,4,7,7,5,2,87.64,0.33,-1
1516,0,1,3,1,5,7,4,7,6,5,2,81.98,0.33,-1
1517,0,1,3,1,5,7,6,7,7,6,2,90.78,0.33,-1
1518,0,1,3,1,5,6,5,6,6,5,2,78.41,0.33,-1
1519,1,1,2,1,5,6,5,6,6,5,2,63.87,0.33,-1
1520,1,1,2,1,5,7,3,7,7,6,2,71.92,0.33,-1
1521,1,1,3,1,5,6,7,6,6,7,2,79.2,0.33,-1
1522,1,1,2,1,5,7,3,7,7,6,2,71.92,0.33,-1
1523,0,1,3,1,5,7,5,7,7,6,2,89.94,0.33,-1
1524,0,1,3,1,5,6,7,5,6,6,2,79.24,0.33,-1
1525,0,1,2,1,5,6,5,6,6,5,2,67.48,0.33,-1
1526,0,1,3,1,5,7,4,7,7,4,2,86.18,0.33,-1
1527,0,2,3,1,5,7,4,7,7,5,2,95.82,0.33,-1
1528,0,2,3,1,5,7,5,7,7,5,2,96.74,0.33,-1
1529,0,2,1,1,5,6,4,6,6,4,2,61.97,0.33,-1
1530,0,2,1,1,5,5,3,5,4,2,2,46.04,0.33,0
1531,0,2,2,1,5,7,4,7,6,5,2,78.2,0.33,-1
1532,0,2,3,1,5,7,3,7,7,5,2,94.9,0.33,-1
1533,1,2,2,1,5,7,4,7,7,6,2,80.9,0.33,-1
1534,1,2,2,1,5,6,6,6,6,5,2,71.95,0.33,-1
1535,1,2,2,1,5,7,6,7,7,7,2,83.76,0.33,-1
1536,1,2,4,1,5,4,5,4,4,4,2,67.45,0.33,-1
1537,1,1,2,1,5,7,5,6,6,5,2,65.57,0.33,-1
1538,1,1,2,1,5,7,4,7,7,5,2,71.38,0.33,-1
1539,0,3,2,1,5,6,6,5,6,5,1,83.02,0.33,-1
1540,0,3,2,1,5,7,6,7,7,6,1,97.94,0.33,-1
1541,0,3,2,1,5,6,6,6,6,6,1,87.03,0.33,-1
1542,0,3,2,1,5,6,4,6,6,4,1,82.23,0.33,-1
1543,0,3,2,1,5,7,4,7,6,5,1,88.54,0.33,-1
1544,0,3,2,1,5,6,6,5,6,5,1,83.02,0.33,-1
1545,1,3,3,1,5,6,4,6,6,5,1,90.95,0.33,-1
1546,1,3,4,1,5,6,6,4,6,4,1,96.06,0.33,-1
1547,1,3,1,1,5,7,4,7,7,4,1,77.12,0.33,-1
1548,1,3,3,1,5,7,5,7,7,6,1,105.4,0.33,-1
1549,1,3,2,1,5,7,5,6,6,5,1,83.22,0.33,-1
1550,1,3,3,1,5,7,6,7,7,6,1,106.4,0.33,-1
1551,0,1,1,1,5,6,7,5,6,5,1,58.58,0.33,0
1552,0,1,2,1,5,7,4,6,6,4,1,69.89,0.33,-1
1553,0,1,2,1,5,7,5,7,7,6,1,80.26,0.33,-1
1554,0,1,2,1,5,6,3,6,5,4,1,62.19,0.33,-1
1555,0,1,2,1,5,7,6,6,7,5,1,77.69,0.33,-1
1556,0,1,2,1,5,7,6,6,7,6,1,78.93,0.33,-1
1557,0,1,1,1,5,7,5,7,7,6,1,67.74,0.33,-1
1558,0,1,3,1,5,5,4,5,5,3,1,66.76,0.33,-1
1559,0,1,2,1,5,7,4,7,7,6,1,79.5,0.33,-1
1560,0,2,2,1,5,7,5,7,7,5,1,87.28,0.33,-1
1561,0,2,3,1,5,7,5,7,7,6,1,101.16,0.33,-1
1562,0,2,1,1,5,6,7,4,6,6,1,65.04,0.33,-1
1563,0,2,2,1,5,6,6,5,6,5,1,75.84,0.33,-1
1564,0,2,1,1,5,7,7,5,7,6,1,73.6,0.33,-1
1565,0,2,3,1,5,6,2,6,6,3,1,82.28,0.33,-1
1566,1,2,3,1,5,6,5,7,6,5,1,87.16,0.33,-1
1567,1,2,2,1,5,6,5,6,6,5,1,73.7,0.33,-1
1568,1,2,2,1,5,7,5,7,7,5,1,83.2,0.33,-1
1569,1,2,1,1,5,7,6,7,7,6,1,72.66,0.33,-1
1570,1,2,3,1,5,6,5,6,6,6,1,86.11,0.33,-1
1571,1,1,3,1,5,7,4,7,7,5,1,86.44,0.33,-1
1572,1,1,2,1,5,7,6,5,6,5,1,66.92,0.33,-1
1573,1,1,3,1,5,7,7,6,7,7,1,89.37,0.33,-1
1574,1,1,3,1,5,6,4,6,6,5,1,76.47,0.33,-1
1575,1,1,2,1,5,6,3,7,6,5,1,66.92,0.33,-1
1576,1,1,2,1,5,7,4,7,7,6,1,75.4,0.33,-1
1577,0,3,2,2,5,7,2,7,7,4,3,85.49,0.33,-1
1578,0,3,3,2,5,7,4,6,6,4,3,90,0.33,-1
1579,0,3,2,2,5,7,3,7,6,4,3,80.57,0.33,-1
1580,0,3,1,2,5,6,5,6,6,4,3,67.12,0.33,-1
1581,0,3,1,2,5,7,4,7,6,5,3,71.56,0.33,-1
1582,0,3,3,2,5,6,4,6,6,5,3,89.34,0.33,-1
1583,0,3,1,2,5,7,4,7,7,5,3,76.54,0.33,-1
1584,0,3,2,2,5,7,5,7,6,5,3,83.81,0.33,-1
1585,0,3,2,2,5,6,5,6,6,5,3,79.4,0.33,-1
1586,0,3,2,2,5,7,5,7,7,5,3,89.57,0.33,-1
1587,0,3,3,2,5,7,5,7,7,6,3,103.62,0.33,-1
1588,0,3,3,2,5,7,6,5,6,5,3,91.02,0.33,-1
1589,0,3,3,2,5,7,5,7,7,4,3,100.14,0.33,-1
1590,0,3,3,2,5,7,3,7,7,6,3,101.7,0.33,-1
1591,0,3,2,2,5,7,4,7,7,7,3,91.85,0.33,-1
1592,0,3,1,2,5,6,3,7,6,4,3,67.66,0.33,-1
1593,1,3,2,2,5,5,6,3,5,4,3,61,0.33,-1
1594,1,3,3,2,5,7,3,7,6,4,3,88.01,0.33,-1
1595,1,3,3,2,5,7,5,7,7,6,3,99.49,0.33,-1
1596,1,3,2,2,5,7,6,7,7,6,3,87.8,0.33,-1
1597,1,3,2,2,5,6,5,6,6,6,3,77.3,0.33,-1
1598,1,3,3,2,5,7,4,7,7,6,3,98.57,0.33,-1
1599,1,1,2,2,5,7,6,7,7,7,3,72.18,0.33,-1
1600,1,1,3,2,5,7,5,7,7,6,3,82.77,0.33,-1
1601,1,1,3,2,5,6,5,6,6,6,3,73.54,0.33,-1
1602,1,1,3,2,5,6,4,7,6,6,3,74.87,0.33,-1
1603,1,1,2,2,5,4,3,6,4,3,3,45.28,0.33,0
1604,1,1,2,2,5,6,3,7,6,5,3,61.68,0.33,-1
1605,1,1,3,2,5,5,6,4,5,4,3,60.1,0.33,-1
1606,1,1,2,2,5,6,6,5,5,4,3,54.36,0.33,0
1607,1,1,2,2,5,6,6,5,6,5,3,60.08,0.33,-1
1608,1,1,2,2,5,6,5,6,6,4,3,59.94,0.33,0
1609,1,1,2,2,5,7,3,7,6,5,3,63.28,0.33,-1
1610,1,1,3,2,5,6,6,6,7,5,3,78.1,0.33,-1
1611,1,1,1,2,5,7,4,7,7,5,3,56.19,0.33,0
1612,1,1,2,2,5,6,6,5,6,5,3,60.08,0.33,-1
1613,1,1,3,2,5,4,3,6,5,3,3,58.66,0.33,0
1614,0,1,2,2,5,6,4,7,7,5,3,70.71,0.33,-1
1615,0,1,4,2,5,4,7,5,7,5,3,87.59,0.33,-1
1616,0,1,1,2,5,6,5,6,6,5,3,53.9,0.33,0
1617,0,1,1,2,5,7,5,7,7,6,3,61.92,0.33,-1
1618,0,1,2,2,5,7,3,7,6,4,3,65.69,0.33,-1
1619,0,1,2,2,5,7,3,7,7,5,3,71.73,0.33,-1
1620,0,1,3,2,5,7,6,7,7,5,3,86.2,0.33,-1
1621,1,1,2,2,5,6,3,6,5,3,3,52.94,0.33,0
1622,1,1,2,2,5,7,4,7,7,6,3,69.64,0.33,-1
1623,1,1,3,2,5,7,6,6,6,6,3,76.2,0.33,-1
1624,1,1,2,2,5,7,7,6,7,6,3,69.8,0.33,-1
1625,1,1,2,2,5,6,6,5,6,5,3,60.08,0.33,-1
1626,1,1,3,2,5,7,6,7,7,6,3,83.53,0.33,-1
1627,1,1,2,2,5,6,6,5,5,5,3,55.62,0.33,0
1628,1,1,1,2,5,7,5,6,6,5,3,51.6,0.33,0
1629,1,1,1,2,5,6,5,6,6,5,3,50.3,0.33,0
1630,1,1,2,2,5,5,5,5,5,4,3,52.12,0.33,0
1631,1,1,2,2,5,7,4,7,7,6,3,69.64,0.33,-1
1632,1,1,2,2,5,7,6,7,7,7,3,72.18,0.33,-1
1633,1,1,3,2,5,6,6,6,6,6,3,74.3,0.33,-1
1634,1,1,2,2,5,7,4,7,7,5,3,68.38,0.33,-1
1635,1,1,2,2,5,5,2,5,4,2,3,43.22,0.33,0
1636,1,1,3,2,5,7,1,7,6,4,3,71.61,0.33,-1
1637,1,1,3,2,5,7,5,6,6,5,3,74,0.33,-1
1638,1,1,1,2,5,7,5,6,7,4,3,54.2,0.33,0
1639,1,1,1,2,5,7,7,6,7,7,3,58.48,0.33,0
1640,1,1,3,2,5,7,5,7,7,5,3,81.33,0.33,-1
1641,1,1,3,2,5,7,5,7,7,5,3,81.33,0.33,-1
1642,0,1,2,2,5,5,5,6,6,4,3,61.78,0.33,-1
1643,0,1,3,2,5,5,4,5,5,4,3,63.7,0.33,-1
1644,0,1,2,2,5,6,6,5,5,5,3,58.89,0.33,0
1645,0,1,3,2,5,6,3,7,6,5,3,76.3,0.33,-1
1646,0,1,3,2,5,6,5,5,5,4,3,66.5,0.33,-1
1647,0,1,4,2,5,6,2,6,5,3,3,74.2,0.33,-1
1648,0,1,2,2,5,6,3,6,6,3,3,60.8,0.33,-1
1649,0,1,2,2,5,6,5,6,6,5,3,64.8,0.33,-1
1650,0,2,2,2,5,7,7,6,7,6,3,82.2,0.33,-1
1651,0,2,2,2,5,7,6,7,7,7,3,84.97,0.33,-1
1652,0,2,2,2,5,7,6,6,7,6,3,81.44,0.33,-1
1653,0,2,3,2,5,7,3,6,6,4,3,81.82,0.33,-1
1654,0,2,3,2,5,7,5,7,7,6,3,95.26,0.33,-1
1655,0,2,3,2,5,5,4,5,5,3,3,68.24,0.33,-1
1656,0,2,3,2,5,7,6,7,7,6,3,96.14,0.33,-1
1657,0,2,2,2,5,7,4,7,7,5,3,80.57,0.33,-1
1658,0,2,2,2,5,7,7,6,7,5,3,80.76,0.33,-1
1659,0,2,2,2,5,6,5,6,6,5,3,72.1,0.33,-1
1660,0,2,3,2,5,7,4,7,7,4,3,91.14,0.33,-1
1661,0,2,4,2,5,6,3,7,5,4,3,86.05,0.33,-1
1662,0,2,2,2,5,5,4,6,5,5,3,64.2,0.33,-1
1663,0,2,1,2,5,6,7,5,7,6,3,66.44,0.33,-1
1664,0,2,1,2,5,6,5,7,6,6,3,64.22,0.33,-1
1665,0,2,2,2,5,6,6,5,6,4,3,69.33,0.33,-1
1666,0,2,4,2,5,7,4,7,7,5,3,104.95,0.33,-1
1667,1,2,2,2,5,7,6,7,7,7,3,80.74,0.33,-1
1668,1,2,3,2,5,7,6,7,7,6,3,91.97,0.33,-1
1669,1,2,1,2,5,6,5,6,5,4,3,52.2,0.33,0
1670,1,2,2,2,5,7,5,7,7,6,3,78.64,0.33,-1
1671,1,2,2,2,5,6,6,6,6,6,3,70.6,0.33,-1
1672,1,2,2,2,5,5,4,5,5,3,3,56.26,0.33,0
1673,1,2,3,2,5,7,4,7,7,5,3,88.73,0.33,-1
1674,1,2,3,2,5,6,3,7,5,4,3,72.71,0.33,-1
1675,1,2,1,2,5,7,5,6,6,5,3,59.1,0.33,0
1676,1,2,2,2,5,6,4,6,6,4,3,66.4,0.33,-1
1677,1,2,2,2,5,7,6,7,7,7,3,80.74,0.33,-1
1678,1,2,2,2,5,7,1,7,6,4,3,68.02,0.33,-1
1679,1,2,1,2,5,7,5,7,7,7,3,67.35,0.33,-1
1680,1,2,3,2,5,7,5,6,6,5,3,81.5,0.33,-1
1681,0,1,5,2,5,6,6,6,6,5,3,98.54,0.33,-1
1682,0,1,3,2,5,6,6,6,7,5,3,82,0.33,-1
1683,0,1,3,2,5,5,3,5,5,3,3,61.4,0.33,-1
1684,0,1,3,2,5,7,6,7,7,5,3,86.2,0.33,-1
1685,0,1,3,2,5,6,5,5,5,4,3,66.5,0.33,-1
1686,0,1,2,2,5,6,6,6,6,5,3,65.48,0.33,-1
1687,0,1,3,2,5,6,4,6,5,4,3,67.9,0.33,-1
1688,0,1,2,2,5,7,2,7,7,5,3,71.05,0.33,-1
1689,0,1,4,2,5,5,2,6,5,3,3,71.9,0.33,-1
1690,0,1,3,2,5,6,3,7,5,4,3,69.3,0.33,-1
1691,0,1,3,2,5,6,5,6,6,5,3,75.7,0.33,-1
1692,0,1,1,2,5,5,3,6,5,4,3,46.3,0.33,0
1693,0,1,1,2,5,6,3,6,6,3,3,50.5,0.33,0
1694,0,1,3,2,5,6,4,7,6,6,3,78.6,0.33,-1
1695,0,1,1,2,5,6,5,5,5,3,3,46.14,0.33,0
1696,0,1,3,2,5,7,6,7,7,7,3,89.2,0.33,-1
1697,0,1,2,2,5,7,5,7,7,6,3,74.41,0.33,-1
1698,0,3,3,2,5,7,6,6,7,6,2,104.7,0.33,-1
1699,0,3,2,2,5,7,6,6,7,6,2,92.42,0.33,-1
1700,0,3,2,2,5,6,2,7,5,4,2,74.24,0.33,-1
1701,0,3,2,2,5,6,5,6,6,4,2,80.38,0.33,-1
1702,0,3,4,2,5,6,4,7,6,6,2,107.54,0.33,-1
1703,0,3,2,2,5,7,4,7,7,5,2,91.56,0.33,-1
1704,0,3,1,2,5,7,7,7,7,7,2,84.33,0.33,-1
1705,0,3,3,2,5,6,6,6,6,7,2,97.2,0.33,-1
1706,0,3,2,2,5,7,4,7,7,5,2,91.56,0.33,-1
1707,0,3,2,2,5,6,4,7,6,5,2,83.44,0.33,-1
1708,0,3,3,2,5,5,6,4,5,5,2,79.1,0.33,-1
1709,0,3,2,2,5,5,6,4,5,4,2,68.3,0.33,-1
1710,0,3,1,2,5,6,4,6,6,4,2,68.9,0.33,-1
1711,0,3,2,2,5,6,3,6,6,4,2,78.62,0.33,-1
1712,0,3,2,2,5,7,7,6,6,6,2,87.38,0.33,-1
1713,0,3,3,2,5,6,1,7,5,2,2,79.75,0.33,-1
1714,0,3,2,2,5,7,7,5,7,6,2,90.88,0.33,-1
1715,0,3,4,2,5,7,3,7,6,5,2,107.34,0.33,-1
1716,0,3,2,2,5,7,7,6,7,6,2,93.3,0.33,-1
1717,0,3,3,2,5,5,4,6,6,4,2,87.6,0.33,-1
1718,0,3,2,2,5,6,4,6,6,4,2,79.5,0.33,-1
1719,0,3,2,2,5,7,3,7,7,6,2,92.2,0.33,-1
1720,0,3,4,2,5,7,5,6,6,5,2,106.5,0.33,-1
1721,1,3,2,2,5,5,6,5,6,6,2,76.19,0.33,-1
1722,1,3,4,2,5,5,5,4,5,4,2,82.42,0.33,-1
1723,1,3,2,2,5,7,5,7,7,6,2,89.83,0.33,-1
1724,1,3,2,2,5,5,5,6,5,5,2,70.54,0.33,-1
1725,1,3,2,2,5,6,6,5,7,6,2,83.95,0.33,-1
1726,1,3,3,2,5,6,4,7,6,5,2,90.88,0.33,-1
1727,1,3,3,2,5,5,4,5,5,4,2,75.12,0.33,-1
1728,1,3,2,2,5,7,4,7,7,5,2,87.53,0.33,-1
1729,1,3,2,2,5,4,6,4,5,4,2,63.2,0.33,-1
1730,1,3,2,2,5,5,4,6,5,4,2,68.24,0.33,-1
1731,1,3,4,2,5,6,6,5,6,5,2,98.21,0.33,-1
1732,1,3,1,2,5,7,4,6,6,4,2,67.2,0.33,-1
1733,1,3,3,2,5,6,5,6,6,4,2,87.56,0.33,-1
1734,1,3,3,2,5,5,6,5,5,5,2,78.68,0.33,-1
1735,1,3,2,2,5,6,6,5,6,6,2,78.29,0.33,-1
1736,1,3,4,2,5,5,6,5,6,6,2,97.33,0.33,-1
1737,1,3,1,2,5,5,3,5,5,3,2,54.74,0.33,0
1738,1,3,4,2,5,6,5,5,6,4,2,95.31,0.33,-1
1739,1,3,3,2,5,6,5,6,6,6,2,90.84,0.33,-1
1740,1,3,3,2,5,6,5,5,6,5,2,86.56,0.33,-1
1741,1,3,2,2,5,5,4,5,4,4,2,60.27,0.33,-1
1742,1,3,1,2,5,6,7,5,6,6,2,68.14,0.33,-1
1743,0,1,3,2,5,6,5,6,6,5,2,78.2,0.33,-1
1744,0,1,3,2,5,6,2,7,6,4,2,76.53,0.33,-1
1745,0,1,2,2,5,7,5,6,7,5,2,73.98,0.33,-1
1746,0,1,1,2,5,7,4,7,7,5,2,63.05,0.33,-1
1747,0,1,3,2,5,6,2,7,7,3,2,80.73,0.33,-1
1748,0,1,4,2,5,6,3,7,6,6,2,91.46,0.33,-1
1749,0,1,4,2,5,6,5,5,5,4,2,78.38,0.33,-1
1750,0,1,3,2,5,7,6,7,7,7,2,92.03,0.33,-1
1751,0,1,2,2,5,7,6,7,7,6,2,77.96,0.33,-1
1752,0,1,3,2,5,7,6,6,7,4,2,85.34,0.33,-1
1753,0,1,2,2,5,5,6,5,5,5,2,59.36,0.33,0
1754,0,1,3,2,5,7,7,6,7,6,2,89.1,0.33,-1
1755,0,1,1,2,5,7,6,7,7,6,2,65.35,0.33,-1
1756,0,1,2,2,5,7,6,7,7,7,2,79.24,0.33,-1
1757,0,1,4,2,5,6,3,6,6,3,2,83.9,0.33,-1
1758,0,1,1,2,5,7,3,7,7,5,2,62.45,0.33,-1
1759,0,1,2,2,5,7,7,6,7,6,2,76.7,0.33,-1
1760,0,1,2,2,5,7,7,6,7,7,2,77.98,0.33,-1
1761,0,1,3,2,5,7,6,7,7,7,2,92.03,0.33,-1
1762,0,1,2,2,5,7,2,7,7,5,2,73.8,0.33,-1
1763,0,1,3,2,5,6,1,7,6,4,2,75.69,0.33,-1
1764,1,1,3,2,5,6,6,6,7,5,2,80.8,0.33,-1
1765,1,1,1,2,5,6,4,7,5,6,2,50.98,0.33,0
1766,1,1,2,2,5,7,6,7,7,7,2,75.01,0.33,-1
1767,1,1,2,2,5,7,3,7,6,5,2,65.91,0.33,-1
1768,1,1,3,2,5,7,3,7,7,5,2,82.6,0.33,-1
1769,1,1,3,2,5,5,3,6,4,4,2,58.8,0.33,0
1770,1,1,3,2,5,6,4,6,5,4,2,67,0.33,-1
1771,1,1,3,2,5,6,3,6,6,4,2,71.6,0.33,-1
1772,1,1,3,2,5,7,5,6,7,5,2,82,0.33,-1
1773,1,1,2,2,5,7,4,7,7,4,2,69.99,0.33,-1
1774,1,1,4,2,5,6,6,6,7,6,2,94.18,0.33,-1
1775,1,1,2,2,5,7,3,7,7,4,2,69.31,0.33,-1
1776,1,1,2,2,5,7,6,7,7,5,2,72.57,0.33,-1
1777,1,1,3,2,5,7,3,7,7,5,2,82.6,0.33,-1
1778,1,1,4,2,5,6,5,6,6,6,2,87.08,0.33,-1
1779,1,1,2,2,5,6,5,6,6,5,2,63.7,0.33,-1
1780,0,1,3,2,5,7,3,7,6,5,2,80.93,0.33,-1
1781,0,1,3,2,5,6,4,7,7,5,2,85.33,0.33,-1
1782,0,1,1,2,5,6,5,7,6,5,2,58.05,0.33,0
1783,0,2,2,2,5,7,5,7,7,5,2,84.2,0.33,-1
1784,0,2,2,2,5,7,6,6,7,5,2,82.8,0.33,-1
1785,0,2,2,2,5,5,1,7,4,1,2,55.2,0.33,0
1786,0,2,2,2,5,6,5,5,5,5,2,67,0.33,-1
1787,0,2,4,2,5,7,5,7,7,6,2,110.58,0.33,-1
1788,0,2,3,2,5,7,7,5,7,5,2,93.29,0.33,-1
1789,0,2,3,2,5,7,3,7,6,4,2,86.91,0.33,-1
1790,0,2,3,2,5,7,6,7,7,5,2,97.43,0.33,-1
1791,0,2,1,2,5,7,7,7,7,7,2,75.69,0.33,-1
1792,0,2,4,2,5,7,6,6,6,6,2,101.8,0.33,-1
1793,0,2,2,2,5,7,4,6,7,4,2,79.8,0.33,-1
1794,0,2,2,2,5,7,7,5,6,7,2,78.8,0.33,-1
1795,0,2,3,2,5,6,6,4,5,4,2,73.6,0.33,-1
1796,0,2,3,2,5,6,4,6,6,4,2,83,0.33,-1
1797,0,2,3,2,5,7,2,7,6,5,2,87.57,0.33,-1
1798,0,2,3,2,5,7,4,7,7,6,2,97.17,0.33,-1
1799,0,2,1,2,5,6,6,5,6,5,2,62.51,0.33,-1
1800,0,2,3,2,5,6,3,6,5,3,2,74.32,0.33,-1
1801,0,2,1,2,5,6,4,6,6,5,2,63.02,0.33,-1
1802,0,2,2,2,5,6,4,6,6,5,2,73.8,0.33,-1
1803,0,2,3,2,5,6,6,6,7,6,2,94.18,0.33,-1
1804,0,2,1,2,5,5,4,5,5,3,2,52.39,0.33,0
1805,0,2,4,2,5,6,3,7,6,5,2,97.18,0.33,-1
1806,1,2,2,2,5,5,1,7,5,3,2,60.33,0.33,-1
1807,1,2,3,2,5,6,5,6,6,6,2,83.42,0.33,-1
1808,1,2,2,2,5,7,7,5,7,7,2,80.15,0.33,-1
1809,1,2,3,2,5,7,4,7,6,5,2,85.64,0.33,-1
1810,1,2,3,2,5,6,6,5,6,6,2,81.88,0.33,-1
1811,1,2,1,2,5,6,6,6,6,6,2,61.9,0.33,-1
1812,1,2,5,2,5,6,7,5,6,6,2,104.74,0.33,-1
1813,1,2,2,2,5,6,3,7,7,4,2,75.37,0.33,-1
1814,1,2,1,2,5,7,5,7,7,6,2,68.98,0.33,-1
1815,1,2,2,2,5,7,5,6,7,5,2,78.04,0.33,-1
1816,1,2,2,2,5,6,5,6,6,4,2,69.66,0.33,-1
1817,1,2,3,2,5,4,5,4,4,4,2,59.3,0.33,0
1818,1,2,1,2,5,7,4,7,7,6,2,68.34,0.33,-1
1819,1,2,3,2,5,5,4,5,5,3,2,67.44,0.33,-1
1820,1,2,1,2,5,7,6,6,7,6,2,67.86,0.33,-1
1821,1,2,4,2,5,7,4,7,6,5,2,97.05,0.33,-1
1822,1,2,2,2,5,7,6,6,6,7,2,76.34,0.33,-1
1823,1,2,2,2,5,7,4,7,7,4,2,78.03,0.33,-1
1824,1,2,2,2,5,7,6,7,7,7,2,83.57,0.33,-1
1825,1,2,4,2,5,7,7,6,7,7,2,107.4,0.33,-1
1826,1,2,2,2,5,6,5,7,6,6,2,74.43,0.33,-1
1827,1,2,3,2,5,6,4,7,6,4,2,81.92,0.33,-1
1828,1,2,3,2,5,7,5,7,7,5,2,92.44,0.33,-1
1829,1,2,3,2,5,6,6,5,5,5,2,74.44,0.33,-1
1830,1,2,3,2,5,7,2,7,6,4,2,82.36,0.33,-1
1831,1,2,2,2,5,7,6,6,6,6,2,75,0.33,-1
1832,1,2,2,2,5,7,6,6,7,5,2,78.8,0.33,-1
1833,1,2,2,2,5,7,4,7,7,4,2,78.03,0.33,-1
1834,1,2,1,2,5,7,6,6,7,5,2,66.7,0.33,-1
1835,1,2,3,2,5,7,4,7,7,5,2,91.56,0.33,-1
1836,1,2,2,2,5,6,5,6,6,6,2,72.34,0.33,-1
1837,1,2,3,2,5,6,6,5,6,5,2,80.36,0.33,-1
1838,1,2,3,2,5,5,3,6,5,4,2,70.5,0.33,-1
1839,1,2,3,2,5,6,2,7,6,4,2,80.16,0.33,-1
1840,1,2,3,2,5,7,7,6,7,7,2,94.82,0.33,-1
1841,1,2,2,2,5,6,6,5,5,5,2,64.53,0.33,-1
1842,1,2,3,2,5,6,5,6,6,5,2,81.9,0.33,-1
1843,1,1,2,2,5,6,5,6,6,5,2,63.7,0.33,-1
1844,1,1,1,2,5,7,2,7,6,4,2,53.02,0.33,0
1845,1,1,3,2,5,2,3,4,3,2,2,40.2,0.33,0
1846,1,1,2,2,5,7,4,7,6,5,2,66.59,0.33,-1
1847,1,1,2,2,5,4,3,6,4,3,2,47.26,0.33,0
1848,1,1,1,2,5,6,3,6,5,4,2,46.8,0.33,0
1849,1,1,3,2,5,6,4,6,5,4,2,67,0.33,-1
1850,1,1,3,2,5,6,6,6,6,5,2,75.4,0.33,-1
1851,1,1,2,2,5,7,4,7,7,5,2,71.21,0.33,-1
1852,0,3,3,2,5,7,5,6,6,5,1,97.9,0.33,-1
1853,0,3,2,2,5,7,7,5,7,5,1,92.09,0.33,-1
1854,0,3,1,2,5,6,5,5,6,4,1,70,0.33,-1
1855,0,3,4,2,5,5,5,5,6,3,1,96.43,0.33,-1
1856,0,3,2,2,5,7,5,7,7,5,1,95.31,0.33,-1
1857,0,3,3,2,5,7,7,6,7,6,1,108.5,0.33,-1
1858,0,3,1,2,5,6,6,5,6,4,1,70.8,0.33,-1
1859,0,3,2,2,5,7,2,7,7,5,1,92.55,0.33,-1
1860,0,3,2,2,5,7,7,7,7,7,1,100.11,0.33,-1
1861,0,3,3,2,5,6,3,6,6,4,1,91.56,0.33,-1
1862,0,3,1,2,5,6,3,7,6,5,1,74.1,0.33,-1
1863,0,3,2,2,5,7,6,6,7,6,1,95.18,0.33,-1
1864,0,3,3,2,5,7,4,6,6,5,1,96.86,0.33,-1
1865,0,3,4,2,5,6,5,6,6,5,1,106.2,0.33,-1
1866,0,3,3,2,5,7,4,7,7,5,1,106.58,0.33,-1
1867,0,3,2,2,5,5,5,6,6,4,1,80.62,0.33,-1
1868,0,3,2,2,5,7,7,6,7,7,1,97.58,0.33,-1
1869,0,3,2,2,5,6,5,7,7,5,1,93.01,0.33,-1
1870,0,3,1,2,5,7,5,7,7,6,1,84.3,0.33,-1
1871,1,3,2,2,5,7,2,7,7,4,1,87.18,0.33,-1
1872,1,3,3,2,5,7,6,6,7,6,1,103.4,0.33,-1
1873,1,3,2,2,5,7,4,6,6,4,1,80.7,0.33,-1
1874,1,3,2,2,5,7,4,7,7,5,1,90.36,0.33,-1
1875,1,3,2,2,5,7,2,7,7,4,1,87.18,0.33,-1
1876,1,3,2,2,5,7,5,6,6,5,1,83,0.33,-1
1877,1,3,2,2,5,7,4,7,7,5,1,90.36,0.33,-1
1878,1,3,2,2,5,7,5,7,7,6,1,92.66,0.33,-1
1879,1,3,5,2,5,7,7,6,7,6,1,129.2,0.33,-1
1880,1,3,3,2,5,7,3,7,7,5,1,101.55,0.33,-1
1881,1,3,3,2,5,7,5,7,7,6,1,105.15,0.33,-1
1882,1,3,3,2,5,7,6,6,7,6,1,103.4,0.33,-1
1883,1,3,2,2,5,7,4,7,6,5,1,84.54,0.33,-1
1884,1,3,3,2,5,7,5,6,7,5,1,100.8,0.33,-1
1885,1,3,3,2,5,7,3,7,6,6,1,96.55,0.33,-1
1886,1,3,2,2,5,7,5,7,7,6,1,92.66,0.33,-1
1887,1,3,2,2,5,7,5,7,7,7,1,94.08,0.33,-1
1888,1,3,2,2,5,7,6,6,7,6,1,91.12,0.33,-1
1889,0,1,2,2,5,7,3,7,6,4,1,71.03,0.33,-1
1890,0,1,2,2,5,7,6,7,7,6,1,80.83,0.33,-1
1891,0,1,2,2,5,7,4,7,7,5,1,78.07,0.33,-1
1892,0,1,4,2,5,7,4,7,7,5,1,102.45,0.33,-1
1893,0,1,5,2,5,7,7,7,7,7,1,121.56,0.33,-1
1894,0,1,2,2,5,6,3,7,5,4,1,64.09,0.33,-1
1895,0,1,4,2,5,6,5,5,5,4,1,80.65,0.33,-1
1896,0,1,3,2,5,6,5,5,6,5,1,78.28,0.33,-1
1897,0,1,3,2,5,6,5,6,5,4,1,73.46,0.33,-1
1898,0,1,2,2,5,7,5,7,7,5,1,78.83,0.33,-1
1899,0,1,3,2,5,6,5,6,6,4,1,79.28,0.33,-1
1900,0,1,4,2,5,5,3,6,4,4,1,72.3,0.33,-1
1901,0,1,2,2,5,7,5,7,7,6,1,80.07,0.33,-1
1902,0,1,1,2,5,6,7,5,6,6,1,59.48,0.33,0
1903,0,1,2,2,5,7,7,6,7,7,1,80.74,0.33,-1
1904,0,1,3,2,5,7,5,6,7,5,1,88.72,0.33,-1
1905,0,1,3,2,5,6,7,5,6,6,1,81.46,0.33,-1
1906,0,1,2,2,5,7,3,7,6,5,1,72.27,0.33,-1
1907,0,1,3,2,5,7,5,7,7,6,1,92.56,0.33,-1
1908,0,1,2,2,5,6,3,7,6,5,1,70.37,0.33,-1
1909,0,1,1,2,5,7,4,6,6,3,1,57.74,0.33,0
1910,0,1,2,2,5,6,5,6,6,5,1,69.8,0.33,-1
1911,0,1,3,2,5,7,4,7,7,5,1,90.26,0.33,-1
1912,0,1,2,2,5,6,6,6,6,5,1,70.56,0.33,-1
1913,0,1,1,2,5,7,7,7,7,6,1,68.86,0.33,-1
1914,0,1,2,2,5,4,5,5,5,4,1,57.63,0.33,0
1915,0,1,4,2,5,7,5,6,7,4,1,99.1,0.33,-1
1916,0,1,1,2,5,6,3,7,6,4,1,58.32,0.33,0
1917,0,1,3,2,5,5,1,7,5,3,1,68.74,0.33,-1
1918,0,1,3,2,5,5,5,6,5,5,1,72.68,0.33,-1
1919,0,1,3,2,5,7,5,7,7,6,1,92.56,0.33,-1
1920,0,1,4,2,5,6,6,6,6,5,1,92.6,0.33,-1
1921,0,1,4,2,5,7,5,7,7,6,1,105.05,0.33,-1
1922,0,1,3,2,5,7,6,6,7,5,1,89.6,0.33,-1
1923,0,1,2,2,5,6,7,5,6,6,1,70.47,0.33,-1
1924,0,1,3,2,5,6,7,5,6,6,1,81.46,0.33,-1
1925,0,1,3,2,5,7,4,7,7,5,1,90.26,0.33,-1
1926,0,1,2,2,5,6,6,5,6,5,1,68.47,0.33,-1
1927,0,1,2,2,5,7,6,7,7,5,1,79.59,0.33,-1
1928,0,2,3,2,5,7,6,7,7,5,1,100.34,0.33,-1
1929,0,2,3,2,5,7,5,7,7,6,1,100.92,0.33,-1
1930,0,2,3,2,5,7,5,7,7,5,1,99.38,0.33,-1
1931,0,2,3,2,5,7,5,7,7,6,1,100.92,0.33,-1
1932,0,2,3,2,5,7,6,6,6,6,1,92.9,0.33,-1
1933,0,2,3,2,5,7,7,5,7,5,1,96.02,0.33,-1
1934,0,2,3,2,5,7,7,5,7,5,1,96.02,0.33,-1
1935,0,2,3,2,5,3,6,3,4,4,1,59.62,0.33,0
1936,0,2,2,2,5,4,5,5,4,4,1,58.11,0.33,0
1937,1,2,4,2,5,7,5,7,6,6,1,102.42,0.33,-1
1938,1,2,3,2,5,7,5,7,7,6,1,96.79,0.33,-1
1939,1,2,2,2,5,7,3,7,6,4,1,74.8,0.33,-1
1940,1,2,1,2,5,7,2,7,7,5,1,68.65,0.33,-1
1941,1,2,2,2,5,6,4,6,6,5,1,72.7,0.33,-1
1942,1,2,3,2,5,7,3,7,6,3,1,84.43,0.33,-1
1943,1,2,3,2,5,6,4,6,6,5,1,83.48,0.33,-1
1944,1,2,3,2,5,6,5,6,5,6,1,79.8,0.33,-1
1945,1,2,2,2,5,6,3,6,5,4,1,65.3,0.33,-1
1946,1,2,1,2,5,6,5,5,6,4,1,59.61,0.33,0
1947,1,2,1,2,5,7,6,6,7,5,1,69.5,0.33,-1
1948,1,2,2,2,5,5,4,5,5,4,1,61.9,0.33,-1
1949,1,2,3,2,5,7,6,7,7,6,1,97.71,0.33,-1
1950,1,2,3,2,5,7,5,7,7,5,1,95.31,0.33,-1
1951,1,2,2,2,5,6,5,6,6,6,1,74.8,0.33,-1
1952,1,2,3,2,5,7,4,7,7,4,1,92.91,0.33,-1
1953,1,2,2,2,5,5,4,6,5,5,1,65.4,0.33,-1
1954,1,2,3,2,5,7,3,7,6,5,1,87.39,0.33,-1
1955,1,2,2,2,5,7,5,6,6,5,1,75.5,0.33,-1
1956,1,2,2,2,5,7,6,7,7,6,1,85.1,0.33,-1
1957,1,1,3,2,5,7,5,6,6,6,1,80.56,0.33,-1
1958,1,1,3,2,5,5,5,5,5,5,1,67.13,0.33,-1
1959,1,1,2,2,5,6,4,6,6,4,1,64.3,0.33,-1
1960,1,1,2,2,5,7,6,7,7,5,1,75.48,0.33,-1
1961,1,1,2,2,5,7,5,7,6,6,1,71.16,0.33,-1
1962,1,1,2,2,5,7,7,6,7,6,1,75.4,0.33,-1
1963,1,1,2,2,5,6,5,7,6,5,1,68.18,0.33,-1
1964,1,1,4,2,5,7,1,7,7,5,1,95.54,0.33,-1
1965,1,1,2,2,5,7,6,7,7,6,1,76.66,0.33,-1
1966,1,1,3,2,5,6,6,6,6,5,1,77.94,0.33,-1
1967,1,1,4,2,5,7,3,7,6,4,1,89.58,0.33,-1
1968,1,1,1,2,5,5,5,6,5,5,1,49.8,0.33,0
1969,1,1,2,2,5,6,6,5,6,6,1,66.12,0.33,-1
1970,1,1,3,2,5,6,3,7,5,4,1,70.81,0.33,-1
1971,1,1,3,2,5,7,7,7,7,6,1,90.11,0.33,-1
1972,1,1,3,2,5,7,4,7,7,6,1,87.59,0.33,-1
1973,1,1,2,2,5,6,6,6,7,6,1,72.88,0.33,-1
1974,0,3,3,3,5,6,4,6,6,4,3,87.36,0.33,-1
1975,0,3,2,3,5,6,6,6,6,6,3,81.59,0.33,-1
1976,1,1,2,3,5,6,3,6,5,4,3,54.04,0.33,0
1977,1,1,3,3,5,6,5,6,6,4,3,70.47,0.33,-1
1978,0,1,2,3,5,7,5,7,7,5,3,72.92,0.33,-1
1979,1,1,2,3,5,6,4,6,6,5,3,60.4,0.33,-1
1980,0,2,3,3,5,7,7,6,7,6,3,94.38,0.33,-1
1981,0,2,3,3,5,6,1,7,6,4,3,80.06,0.33,-1
1982,1,2,2,3,5,6,7,6,7,6,3,76.12,0.33,-1
1983,0,1,3,3,5,6,6,5,6,4,3,72.6,0.33,-1
1984,1,3,2,3,5,6,5,6,6,4,2,76.63,0.33,-1
1985,0,1,1,3,5,7,3,7,6,4,2,57.1,0.33,0
1986,0,2,3,3,5,7,4,7,6,5,2,89.18,0.33,-1
1987,0,2,2,3,5,6,5,5,6,5,2,72.2,0.33,-1
1988,0,2,1,3,5,6,5,6,6,5,2,63.53,0.33,-1
1989,1,2,2,3,5,7,5,7,7,7,2,82.62,0.33,-1
1990,1,2,3,3,5,5,6,4,5,4,2,68.08,0.33,-1
1991,1,2,2,3,5,7,5,6,6,5,2,72.71,0.33,-1
1992,0,3,1,3,5,7,2,7,7,5,1,80.4,0.33,-1
1993,0,3,4,3,5,6,7,5,7,6,1,114.52,0.33,-1
1994,1,3,3,3,5,7,5,7,7,6,1,104.9,0.33,-1
1995,0,1,3,3,5,7,5,7,7,5,1,90.92,0.33,-1
1996,0,1,2,3,5,6,2,7,5,4,1,63.14,0.33,-1
1997,0,1,3,3,5,7,5,7,7,5,1,90.92,0.33,-1
1998,1,2,3,3,5,5,6,5,5,5,1,74.18,0.33,-1
1999,1,1,3,3,5,6,5,7,6,5,1,79.2,0.33,-1
2000,1,1,3,4,5,6,4,6,5,4,1,68.92,0.33,-1
